id,year,lwage,wks
1,1976,5.56068,32
1,1977,5.72031,43
1,1978,5.99645,40
1,1979,5.99645,39
1,1980,6.06146,42
1,1981,6.17379,35
1,1982,6.24417,32
2,1976,6.16331,34
2,1977,6.21461,27
2,1978,6.2634,33
2,1979,6.54391,30
2,1980,6.69703,30
2,1981,6.79122,37
2,1982,6.81564,30
3,1976,5.65249,50
3,1977,6.43615,51
3,1978,6.54822,50
3,1979,6.60259,52
3,1980,6.6958,52
3,1981,6.77878,52
3,1982,6.86066,46
4,1976,6.15698,52
4,1977,6.23832,46
4,1978,6.30079,46
4,1979,6.35957,49
4,1980,6.46925,44
4,1981,6.56244,52
4,1982,6.62141,46
5,1976,6.43775,50
5,1977,6.62007,46
5,1978,6.63332,40
5,1979,6.98286,50
5,1980,7.04752,47
5,1981,7.31322,47
5,1982,7.29574,49
6,1976,6.90575,44
6,1977,6.90575,47
6,1978,6.90776,47
6,1979,7.00307,47
6,1980,7.06902,44
6,1981,7.52023,45
6,1982,7.33889,47
7,1976,6.1334,46
7,1977,6.17379,48
7,1978,6.21261,49
7,1979,6.31355,46
7,1980,6.37502,47
7,1981,6.44572,47
7,1982,6.52209,48
8,1976,6.3315,51
8,1977,6.40357,50
8,1978,6.54391,50
8,1979,6.56244,50
8,1980,6.59167,44
8,1981,6.81783,51
8,1982,6.89163,51
9,1976,6.55108,50
9,1977,6.55108,48
9,1978,6.80239,50
9,1979,6.90776,48
9,1980,7.09008,48
9,1981,7.17012,44
9,1982,7.20786,48
10,1976,6.39693,49
10,1977,6.43775,47
10,1978,6.43775,46
10,1979,6.43775,44
10,1980,6.52209,43
10,1981,6.61338,34
10,1982,6.73934,40
11,1976,6.65801,47
11,1977,6.72623,48
11,1978,6.80239,45
11,1979,6.90776,45
11,1980,7.03966,47
11,1981,7.12769,17
11,1982,7.24423,47
12,1976,6.55108,47
12,1977,6.62936,46
12,1978,6.72263,47
12,1979,6.7334,47
12,1980,6.72263,47
12,1981,6.95177,47
12,1982,7.05272,46
13,1976,6.90575,48
13,1977,6.90073,48
13,1978,7.17012,50
13,1979,7.26543,48
13,1980,7.25912,48
13,1981,7.25488,46
13,1982,7.40001,46
14,1976,6.80239,45
14,1977,6.80239,45
14,1978,6.9256,45
14,1979,7.00307,44
14,1980,7.1309,44
14,1981,7.12448,44
14,1982,7.12287,44
15,1976,5.94017,50
15,1977,5.86079,46
15,1978,5.99894,48
15,1979,6.0845,46
15,1980,6.39526,48
15,1981,6.47697,41
15,1982,6.47697,48
16,1976,5.97889,50
16,1977,5.78383,50
16,1978,5.85793,48
16,1979,5.95324,48
16,1980,6.14633,50
16,1981,6.17587,50
16,1982,6.38856,49
17,1976,6.62007,49
17,1977,6.49224,48
17,1978,6.77992,49
17,1979,6.74524,50
17,1980,7.09008,51
17,1981,7.1309,46
17,1982,7.1309,47
18,1976,6.90575,47
18,1977,6.90575,46
18,1978,7.6009,47
18,1979,7.64969,47
18,1980,7.71869,47
18,1981,7.78322,48
18,1982,7.80384,47
19,1976,6.38688,37
19,1977,6.47389,49
19,1978,6.54247,50
19,1979,6.67582,47
19,1980,6.7417,47
19,1981,6.83195,25
19,1982,6.93634,40
20,1976,6.78333,50
20,1977,6.85751,49
20,1978,6.98472,49
20,1979,7.0579,48
20,1980,7.20564,48
20,1981,7.10988,49
20,1982,7.26683,48
21,1976,6.05912,42
21,1977,6.05209,46
21,1978,5.99146,49
21,1979,6.21461,49
21,1980,6.32436,48
21,1981,6.44254,45
21,1982,6.44254,42
22,1976,6.59987,46
22,1977,6.59987,45
22,1978,6.68461,44
22,1979,6.72743,46
22,1980,6.88244,47
22,1981,6.95655,51
22,1982,7.04752,47
23,1976,6.90575,50
23,1977,6.90575,50
23,1978,7.49554,51
23,1979,7.66153,50
23,1980,7.86327,48
23,1981,8.03916,47
23,1982,7.89357,50
24,1976,5.43808,30
24,1977,5.52146,51
24,1978,5.57973,51
24,1979,5.66988,52
24,1980,5.73657,49
24,1981,5.84354,51
24,1982,5.85793,50
25,1976,6.52942,37
25,1977,6.57925,39
25,1978,6.71538,40
25,1979,6.68461,38
25,1980,6.79122,38
25,1981,6.97541,39
25,1982,6.90776,41
26,1976,6.47697,48
26,1977,6.55108,47
26,1978,6.86693,49
26,1979,6.85646,48
26,1980,7.27932,47
26,1981,7.54961,47
26,1982,7.36708,48
27,1976,6.01616,50
27,1977,6.90575,52
27,1978,7.04752,48
27,1979,7.26193,50
27,1980,7.09008,50
27,1981,6.96319,45
27,1982,7.31322,23
28,1976,6.7334,50
28,1977,6.69703,50
28,1978,6.68461,50
28,1979,6.74524,50
28,1980,6.73102,50
28,1981,6.80239,49
28,1982,6.74524,49
29,1976,6.90575,49
29,1977,6.90575,49
29,1978,7.06219,49
29,1979,7.57558,49
29,1980,7.67322,50
29,1981,7.47307,49
29,1982,7.56008,49
30,1976,6.19644,47
30,1977,6.29895,47
30,1978,6.3315,48
30,1979,6.36303,49
30,1980,6.48158,49
30,1981,6.57786,45
30,1982,6.64379,49
31,1976,6.90575,48
31,1977,6.90575,48
31,1978,7.31322,48
31,1979,7.24423,47
31,1980,7.48437,43
31,1981,7.54961,47
31,1982,7.61332,45
32,1976,6.90575,50
32,1977,6.90575,49
32,1978,7.46737,49
32,1979,7.40853,48
32,1980,7.60589,49
32,1981,8.04879,47
32,1982,7.74066,47
33,1976,6.90575,51
33,1977,6.90575,47
33,1978,7.17012,51
33,1979,7.27932,47
33,1980,7.24065,48
33,1981,7.37776,50
33,1982,7.46737,49
34,1976,5.7589,48
34,1977,5.86079,48
34,1978,5.82305,48
34,1979,5.94803,49
34,1980,6.24804,50
34,1981,6.20658,48
34,1982,5.98394,46
35,1976,6.51471,30
35,1977,6.6107,49
35,1978,6.39693,48
35,1979,6.75227,49
35,1980,6.88653,34
35,1981,7.01212,48
35,1982,7.02554,45
36,1976,6.62007,52
36,1977,6.77422,47
36,1978,7.1309,50
36,1979,7.08841,50
36,1980,7.1309,48
36,1981,6.90776,50
36,1982,7.18007,41
37,1976,6.90575,52
37,1977,6.7417,47
37,1978,7.00307,50
37,1979,7.1309,49
37,1980,7.14283,50
37,1981,7.28276,48
37,1982,7.40914,49
38,1976,6.05209,48
38,1977,6.05209,49
38,1978,6.05209,48
38,1979,6.36819,48
38,1980,6.43615,49
38,1981,6.54965,48
38,1982,6.52209,49
39,1976,6.47697,47
39,1977,6.58617,51
39,1978,6.47697,48
39,1979,6.52942,50
39,1980,6.80239,50
39,1981,6.77992,52
39,1982,6.80793,51
40,1976,6.35784,47
40,1977,6.49979,39
40,1978,6.58203,32
40,1979,6.69456,35
40,1980,6.78784,47
40,1981,6.90776,45
40,1982,7.35819,47
41,1976,6.90575,50
41,1977,6.90575,50
41,1978,7.37776,50
41,1979,7.49109,50
41,1980,7.57558,50
41,1981,7.52833,48
41,1982,7.745,47
42,1976,6.2186,38
42,1977,6.49375,41
42,1978,6.58064,51
42,1979,6.6896,50
42,1980,6.79347,42
42,1981,6.92461,50
42,1982,7.02554,49
43,1976,6.68461,49
43,1977,6.84375,47
43,1978,6.90776,48
43,1979,7.00307,49
43,1980,7.1309,46
43,1981,7.40853,45
43,1982,7.43838,49
44,1976,6.90575,48
44,1977,6.90575,48
44,1978,7.20786,48
44,1979,7.31322,47
44,1980,7.43838,46
44,1981,7.49332,46
44,1982,7.6009,46
45,1976,6.22456,49
45,1977,6.33328,50
45,1978,6.30992,50
45,1979,6.47697,50
45,1980,6.63332,50
45,1981,6.68211,50
45,1982,6.65286,49
46,1976,6.12687,42
46,1977,6.23245,44
46,1978,6.32615,48
46,1979,6.32436,47
46,1980,6.4677,48
46,1981,6.60665,47
46,1982,6.55108,47
47,1976,6.90575,48
47,1977,6.90575,49
47,1978,7.04752,48
47,1979,7.09008,48
47,1980,7.20786,48
47,1981,7.11802,47
47,1982,7.09008,48
48,1976,6.90575,50
48,1977,6.90575,50
48,1978,7.1309,50
48,1979,7.22621,50
48,1980,7.1309,48
48,1981,7.31322,41
48,1982,7.43838,49
49,1976,6.90575,47
49,1977,6.90575,46
49,1978,7.6009,47
49,1979,7.67601,48
49,1980,7.7021,47
49,1981,7.69621,49
49,1982,7.82084,48
50,1976,6.27099,50
50,1977,6.39859,45
50,1978,6.48311,43
50,1979,6.55678,48
50,1980,6.65544,46
50,1981,6.74876,32
50,1982,6.84907,28
51,1976,6.90575,45
51,1977,6.90575,48
51,1978,7.6009,48
51,1979,7.64969,47
51,1980,7.82405,48
51,1981,7.86327,47
51,1982,7.91936,44
52,1976,6.90575,46
52,1977,6.90575,49
52,1978,7.24423,49
52,1979,7.1309,48
52,1980,7.46737,48
52,1981,7.6009,48
52,1982,7.64969,49
53,1976,6.43615,47
53,1977,6.90575,49
53,1978,6.95655,48
53,1979,6.95655,49
53,1980,7.06048,48
53,1981,7.20786,47
53,1982,7.20786,48
54,1976,6.51175,47
54,1977,6.5903,52
54,1978,6.68461,51
54,1979,6.74524,51
54,1980,6.8977,49
54,1981,7.0775,49
54,1982,7.10003,50
55,1976,6.65415,49
55,1977,6.85013,49
55,1978,6.85646,49
55,1979,6.92363,47
55,1980,7.04141,48
55,1981,7.1333,47
55,1982,7.20786,46
56,1976,6.10925,51
56,1977,6.16331,49
56,1978,6.33328,52
56,1979,6.33328,52
56,1980,6.43775,48
56,1981,6.58617,50
56,1982,6.53379,50
57,1976,6.04025,47
57,1977,6.28972,49
57,1978,6.01616,49
57,1979,6.57786,49
57,1980,6.55108,47
57,1981,6.53233,48
57,1982,6.31355,48
58,1976,6.55108,49
58,1977,6.68461,48
58,1978,6.69703,40
58,1979,6.90776,48
58,1980,7.00307,48
58,1981,7.1624,48
58,1982,7.1309,48
59,1976,6.90575,48
59,1977,6.90575,49
59,1978,7.34601,48
59,1979,7.43838,47
59,1980,7.48156,46
59,1981,7.6009,48
59,1982,7.64969,46
60,1976,5.97635,46
60,1977,6.04025,39
60,1978,6.04025,44
60,1979,6.04025,49
60,1980,6.1203,48
60,1981,6.2186,47
60,1982,6.1717,43
61,1976,6.78559,50
61,1977,6.88857,51
61,1978,6.88755,51
61,1979,6.96885,50
61,1980,6.85646,22
61,1981,6.73815,41
61,1982,7.1309,26
62,1976,6.58064,50
62,1977,6.83518,50
62,1978,6.91274,50
62,1979,6.95845,50
62,1980,6.9256,49
62,1981,7.23778,49
62,1982,7.2724,49
63,1976,6.90575,50
63,1977,6.90575,49
63,1978,7.49554,50
63,1979,7.54961,49
63,1980,7.52564,49
63,1981,7.72886,48
63,1982,7.36645,50
64,1976,6.35611,44
64,1977,6.42162,46
64,1978,6.47697,49
64,1979,6.53669,48
64,1980,6.55108,45
64,1981,6.68461,47
64,1982,6.80239,50
65,1976,6.55536,46
65,1977,6.62274,44
65,1978,6.72263,45
65,1979,6.77992,46
65,1980,6.93828,36
65,1981,7.03439,45
65,1982,7.04578,45
66,1976,6.3081,49
66,1977,6.39693,49
66,1978,6.51767,47
66,1979,6.6107,49
66,1980,6.68711,47
66,1981,6.77079,44
66,1982,6.85646,48
67,1976,5.96615,50
67,1977,6.02828,50
67,1978,6.15273,49
67,1979,6.21461,50
67,1980,6.30992,50
67,1981,6.44572,50
67,1982,6.47697,49
68,1976,6.45834,40
68,1977,6.50728,47
68,1978,6.56808,42
68,1979,6.66823,45
68,1980,6.75577,47
68,1981,6.80239,47
68,1982,6.95655,46
69,1976,6.40523,49
69,1977,6.55678,46
69,1978,6.62007,47
69,1979,6.62007,47
69,1980,6.70319,47
69,1981,6.83518,48
69,1982,6.93049,48
70,1976,6.47697,49
70,1977,6.47697,48
70,1978,6.62007,49
70,1979,6.80239,49
70,1980,6.90776,48
70,1981,6.90776,48
70,1982,7.17012,48
71,1976,6.69703,48
71,1977,6.80239,49
71,1978,6.8977,49
71,1979,6.95655,48
71,1980,7.1309,46
71,1981,7.24423,48
71,1982,7.40184,48
72,1976,6.47697,40
72,1977,6.62007,40
72,1978,6.62007,42
72,1979,6.68461,40
72,1980,6.85646,40
72,1981,6.90776,40
72,1982,7.00307,42
73,1976,6.46147,49
73,1977,6.65544,49
73,1978,6.73459,49
73,1979,6.81344,48
73,1980,6.91473,47
73,1981,6.8533,47
73,1982,7.11314,47
74,1976,5.4161,51
74,1977,5.52146,51
74,1978,5.59842,51
74,1979,5.70378,45
74,1980,5.76832,50
74,1981,5.8861,50
74,1982,5.85793,52
75,1976,5.66988,36
75,1977,5.99146,51
75,1978,6.08677,51
75,1979,6.17379,24
75,1980,6.25575,50
75,1981,6.43775,51
75,1982,6.44572,47
76,1976,5.16479,51
76,1977,5.62762,47
76,1978,5.84354,50
76,1979,5.96101,48
76,1980,6.02828,47
76,1981,6.15273,47
76,1982,6.24611,49
77,1976,5.52146,48
77,1977,5.70378,52
77,1978,6.20456,51
77,1979,6.05912,50
77,1980,6.19848,39
77,1981,6.16121,29
77,1982,6.2804,39
78,1976,5.70378,44
78,1977,5.78383,52
78,1978,5.78383,46
78,1979,6.16331,48
78,1980,6.21461,49
78,1981,6.21461,50
78,1982,6.30992,50
79,1976,5.42935,50
79,1977,5.47227,50
79,1978,5.64545,50
79,1979,5.68698,50
79,1980,5.85793,37
79,1981,5.95324,50
79,1982,6.05209,50
80,1976,6.74524,48
80,1977,6.81674,50
80,1978,6.65929,50
80,1979,7.09008,50
80,1980,7.07918,50
80,1981,6.98472,50
80,1982,7.26193,50
81,1976,6.35437,46
81,1977,6.33683,48
81,1978,6.43775,47
81,1979,6.39693,49
81,1980,7.23346,49
81,1981,7.35883,49
81,1982,7.17319,50
82,1976,6.62007,50
82,1977,6.66568,49
82,1978,6.81454,44
82,1979,6.88857,38
82,1980,6.9575,49
82,1981,6.93342,50
82,1982,7.06561,36
83,1976,6.12249,47
83,1977,6.08904,46
83,1978,6.29157,47
83,1979,6.39693,42
83,1980,6.49072,48
83,1981,6.59715,47
83,1982,6.56386,46
84,1976,6.58617,42
84,1977,6.62007,34
84,1978,6.62007,48
84,1979,6.40192,46
84,1980,6.77422,49
84,1981,6.9256,34
84,1982,6.70073,47
85,1976,6.16331,51
85,1977,6.22654,49
85,1978,6.32077,50
85,1979,6.4552,50
85,1980,6.51471,48
85,1981,6.62007,50
85,1982,6.66823,49
86,1976,6.21461,37
86,1977,6.71538,49
86,1978,6.43775,38
86,1979,6.65673,49
86,1980,6.65929,39
86,1981,6.86485,51
86,1982,6.65286,48
87,1976,6.54247,41
87,1977,6.60259,49
87,1978,6.74641,32
87,1979,6.86485,50
87,1980,6.95845,46
87,1981,7.01392,49
87,1982,7.11558,49
88,1976,6.3699,49
88,1977,6.39693,48
88,1978,6.55962,48
88,1979,6.73102,48
88,1980,6.86485,48
88,1981,7.15462,47
88,1982,7.2724,49
89,1976,6.05209,48
89,1977,6.02345,47
89,1978,6.30992,50
89,1979,6.38012,50
89,1980,6.65929,49
89,1981,6.68461,49
89,1982,6.73934,49
90,1976,6.21461,48
90,1977,6.21461,48
90,1978,6.30992,48
90,1979,6.39693,48
90,1980,6.21461,47
90,1981,6.39693,47
90,1982,6.65286,49
91,1976,6.34388,39
91,1977,6.41346,21
91,1978,6.72743,40
91,1979,6.76504,50
91,1980,6.85646,50
91,1981,7.00307,43
91,1982,7.17012,42
92,1976,6.47697,50
92,1977,6.58617,49
92,1978,6.7334,45
92,1979,6.81344,38
92,1980,6.9613,48
92,1981,6.50279,17
92,1982,6.70196,47
93,1976,5.99146,49
93,1977,6.17794,34
93,1978,6.17794,51
93,1979,6.39693,50
93,1980,6.50129,50
93,1981,6.60665,46
93,1982,6.90776,31
94,1976,6.79122,36
94,1977,6.84588,36
94,1978,6.87213,38
94,1979,6.95655,36
94,1980,7.09672,38
94,1981,7.16085,41
94,1982,7.16085,34
95,1976,6.28413,48
95,1977,6.32794,48
95,1978,6.47697,35
95,1979,6.50429,47
95,1980,6.58755,46
95,1981,6.76504,47
95,1982,6.81014,47
96,1976,6.90575,50
96,1977,6.90575,50
96,1978,7.34601,50
96,1979,7.20786,49
96,1980,7.52294,49
96,1981,7.67601,48
96,1982,7.78322,49
97,1976,6.10925,39
97,1977,6.22654,50
97,1978,6.31355,50
97,1979,6.41999,49
97,1980,6.51471,49
97,1981,6.62804,49
97,1982,6.83195,48
98,1976,6.72743,50
98,1977,6.8977,52
98,1978,6.98379,52
98,1979,7.07918,52
98,1980,7.17012,50
98,1981,7.14756,50
98,1982,7.36518,50
99,1976,5.78074,49
99,1977,5.826,49
99,1978,5.84644,50
99,1979,5.95584,45
99,1980,6.06611,47
99,1981,6.19032,45
99,1982,6.23637,49
100,1976,5.99146,44
100,1977,6.10925,51
100,1978,6.39693,51
100,1979,6.39693,51
100,1980,6.47697,50
100,1981,6.47697,51
100,1982,6.55108,51
101,1976,6.69703,47
101,1977,6.79682,47
101,1978,6.89467,36
101,1979,6.96885,46
101,1980,6.9256,43
101,1981,7.18007,44
101,1982,7.17242,45
102,1976,6.68461,50
102,1977,6.80239,50
102,1978,6.90776,49
102,1979,7.04752,48
102,1980,7.04752,49
102,1981,7.31322,49
102,1982,7.43838,49
103,1976,6.30992,35
103,1977,6.58617,35
103,1978,6.62007,44
103,1979,6.90776,43
103,1980,6.96602,42
103,1981,7.06902,42
103,1982,6.95655,43
104,1976,5.73657,52
104,1977,5.81413,51
104,1978,5.8999,50
104,1979,5.94017,50
104,1980,6.13123,50
104,1981,6.13123,49
104,1982,6.10925,48
105,1976,6.67203,49
105,1977,6.84268,48
105,1978,6.84055,47
105,1979,6.85646,48
105,1980,6.99485,49
105,1981,7.05618,46
105,1982,7.29709,47
106,1976,6.36303,49
106,1977,6.47697,51
106,1978,6.57228,50
106,1979,6.65929,49
106,1980,6.80239,49
106,1981,6.58893,48
106,1982,6.76849,49
107,1976,6.90575,47
107,1977,6.90575,48
107,1978,7.1309,48
107,1979,7.1309,45
107,1980,7.31322,41
107,1981,7.32975,42
107,1982,7.49554,47
108,1976,6.24611,31
108,1977,6.21461,51
108,1978,6.47697,45
108,1979,6.49677,49
108,1980,6.61473,48
108,1981,6.74524,47
108,1982,7.1309,45
109,1976,6.74524,48
109,1977,6.81344,48
109,1978,6.87213,48
109,1979,7.10661,47
109,1980,7.24423,47
109,1981,7.2998,47
109,1982,7.37776,49
110,1976,6.50728,47
110,1977,6.55108,46
110,1978,6.8773,46
110,1979,6.55108,46
110,1980,7.04752,47
110,1981,6.83411,47
110,1982,6.74524,40
111,1976,6.10925,50
111,1977,6.31355,49
111,1978,6.45362,49
111,1979,6.68461,49
111,1980,6.79122,51
111,1981,6.83518,52
111,1982,6.96791,49
112,1976,6.90575,49
112,1977,6.90575,49
112,1978,7.1107,49
112,1979,7.25134,48
112,1980,7.34601,46
112,1981,7.34601,46
112,1982,7.2998,48
113,1976,6.90575,39
113,1977,6.90575,36
113,1978,7.17012,50
113,1979,7.4553,48
113,1980,7.56008,48
113,1981,7.37212,39
113,1982,7.75577,39
114,1976,6.28972,50
114,1977,6.3613,50
114,1978,6.43615,50
114,1979,6.43455,50
114,1980,6.41182,49
114,1981,6.3699,49
114,1982,6.4677,49
115,1976,6.69456,49
115,1977,6.76849,49
115,1978,6.90776,49
115,1979,7.03966,49
115,1980,7.02554,49
115,1981,7.22766,49
115,1982,7.21229,48
116,1976,6.74052,50
116,1977,6.82979,50
116,1978,6.80239,49
116,1979,6.94698,48
116,1980,7.01031,50
116,1981,7.13569,49
116,1982,7.06817,48
117,1976,6.57925,38
117,1977,6.39693,36
117,1978,6.62007,39
117,1979,6.7093,42
117,1980,6.76849,39
117,1981,6.93537,27
117,1982,7.04752,43
118,1976,6.58617,41
118,1977,6.68461,48
118,1978,6.71538,48
118,1979,6.77422,47
118,1980,6.85646,41
118,1981,6.91672,43
118,1982,6.99942,47
119,1976,6.90575,50
119,1977,6.90575,50
119,1978,8.08641,51
119,1979,8.22951,49
119,1980,7.90986,52
119,1981,8.12089,50
119,1982,8.537,50
120,1976,6.24417,51
120,1977,6.39693,50
120,1978,6.90776,50
120,1979,6.90776,49
120,1980,6.77194,50
120,1981,6.86693,50
120,1982,6.90776,49
121,1976,6.90575,51
121,1977,6.90575,49
121,1978,7.46737,49
121,1979,7.52294,48
121,1980,7.6009,49
121,1981,7.50769,50
121,1982,7.64969,49
122,1976,6.62007,49
122,1977,6.71417,48
122,1978,6.81892,48
122,1979,6.97635,49
122,1980,6.92658,48
122,1981,7.00307,49
122,1982,7.00307,50
123,1976,6.30992,47
123,1977,6.55108,43
123,1978,6.56526,50
123,1979,6.74524,47
123,1980,6.93925,47
123,1981,6.95655,39
123,1982,7.00307,29
124,1976,6.8977,49
124,1977,6.90575,50
124,1978,7.17012,49
124,1979,7.31322,49
124,1980,7.37776,49
124,1981,7.49554,49
124,1982,7.49554,47
125,1976,6.22059,38
125,1977,6.30079,49
125,1978,6.37673,49
125,1979,6.50129,49
125,1980,6.62007,49
125,1981,6.78672,49
125,1982,6.91672,49
126,1976,6.41673,38
126,1977,6.4892,51
126,1978,6.6174,49
126,1979,6.70564,51
126,1980,6.85646,51
126,1981,6.43775,50
126,1982,5.7462,52
127,1976,6.83518,51
127,1977,6.90575,48
127,1978,7.08171,48
127,1979,7.09838,45
127,1980,7.37776,48
127,1981,7.43838,49
127,1982,7.35244,37
128,1976,5.52146,48
128,1977,5.89715,30
128,1978,6.35611,50
128,1979,6.47697,50
128,1980,6.54679,49
128,1981,6.65673,42
128,1982,6.76273,41
129,1976,6.07074,49
129,1977,6.12687,48
129,1978,6.21461,49
129,1979,6.27288,49
129,1980,6.32794,49
129,1981,6.44413,49
129,1982,6.49072,49
130,1976,6.48311,46
130,1977,6.52503,45
130,1978,6.608,46
130,1979,6.71538,46
130,1980,6.84055,46
130,1981,6.96979,46
130,1982,7.04752,46
131,1976,6.48311,45
131,1977,6.55393,43
131,1978,6.59987,45
131,1979,6.7093,45
131,1980,6.85646,43
131,1981,6.96791,38
131,1982,7.06219,41
132,1976,6.90575,51
132,1977,6.90575,51
132,1978,7.43838,50
132,1979,7.49554,50
132,1980,7.57558,51
132,1981,7.64969,46
132,1982,7.54697,50
133,1976,6.32794,51
133,1977,6.47697,50
133,1978,6.58617,50
133,1979,6.68461,50
133,1980,6.68461,50
133,1981,6.94119,50
133,1982,7.04752,40
134,1976,5.72031,47
134,1977,5.95842,48
134,1978,6.02102,51
134,1979,6.21461,49
134,1980,6.29157,49
134,1981,6.37161,48
134,1982,6.45362,49
135,1976,6.65286,49
135,1977,6.77422,49
135,1978,7.09008,47
135,1979,6.90776,48
135,1980,7.10824,48
135,1981,7.0282,48
135,1982,7.31322,48
136,1976,6.90575,48
136,1977,6.57925,51
136,1978,7.18311,50
136,1979,7.31322,51
136,1980,7.40853,49
136,1981,7.38647,47
136,1982,7.64779,48
137,1976,6.63726,49
137,1977,6.78559,49
137,1978,6.91274,49
137,1979,6.98286,49
137,1980,6.95655,50
137,1981,7.0193,49
137,1982,7.25347,50
138,1976,6.90575,47
138,1977,6.90575,48
138,1978,7.46737,48
138,1979,7.50384,49
138,1980,7.58579,45
138,1981,7.66388,48
138,1982,7.46737,47
139,1976,6.43775,51
139,1977,6.62007,51
139,1978,6.62007,51
139,1979,6.77422,50
139,1980,7.1309,51
139,1981,7.1507,49
139,1982,7.24423,49
140,1976,6.23048,44
140,1977,6.33328,48
140,1978,6.36475,48
140,1979,6.45047,49
140,1980,6.57228,48
140,1981,6.99393,38
140,1982,7.21891,52
141,1976,5.8861,46
141,1977,5.78383,44
141,1978,5.99146,45
141,1979,6.10925,51
141,1980,6.32077,50
141,1981,6.43775,50
141,1982,6.50578,49
142,1976,6.72143,47
142,1977,6.68085,45
142,1978,6.72623,48
142,1979,6.8773,47
142,1980,6.8773,47
142,1981,6.9613,47
142,1982,7.10906,47
143,1976,6.37161,50
143,1977,6.47697,49
143,1978,6.58617,49
143,1979,6.68461,49
143,1980,6.81344,48
143,1981,6.8773,48
143,1982,6.96602,48
144,1976,6.23048,49
144,1977,6.30992,50
144,1978,6.39693,49
144,1979,6.62007,49
144,1980,6.77422,49
144,1981,6.74993,48
144,1982,7.17012,48
145,1976,6.77422,48
145,1977,6.90575,49
145,1978,7.31322,49
145,1979,7.49554,49
145,1980,6.91374,49
145,1981,7.10988,49
145,1982,7.39817,49
146,1976,6.90575,48
146,1977,6.90575,48
146,1978,7.1309,48
146,1979,7.17012,48
146,1980,7.24423,48
146,1981,7.31322,48
146,1982,7.40853,48
147,1976,6.47697,47
147,1977,6.61338,48
147,1978,6.72143,48
147,1979,7.00307,48
147,1980,7.00307,47
147,1981,7.19818,49
147,1982,7.21008,47
148,1976,5.75257,45
148,1977,5.75257,50
148,1978,6.23441,50
148,1979,6.47697,47
148,1980,6.62007,51
148,1981,6.95655,50
148,1982,6.86693,49
149,1976,6.53669,36
149,1977,6.84162,36
149,1978,6.68461,36
149,1979,6.84055,36
149,1980,6.90776,39
149,1981,6.85646,36
149,1982,6.90776,37
150,1976,6.27099,48
150,1977,6.53959,37
150,1978,6.56667,32
150,1979,6.59578,47
150,1980,6.83841,40
150,1981,6.94022,42
150,1982,6.80351,5
151,1976,6.30992,50
151,1977,6.43294,50
151,1978,6.48158,46
151,1979,6.60665,49
151,1980,6.63332,50
151,1981,6.74524,48
151,1982,6.82763,46
152,1976,5.4161,50
152,1977,5.45959,44
152,1978,5.45959,48
152,1979,5.57973,43
152,1980,5.70378,6
152,1981,5.70378,6
152,1982,5.70378,35
153,1976,6.22456,49
153,1977,6.30992,37
153,1978,6.30992,49
153,1979,6.38519,48
153,1980,6.43455,22
153,1981,6.55108,50
153,1982,6.68461,48
154,1976,6.74524,50
154,1977,6.72743,44
154,1978,6.88244,50
154,1979,6.92756,45
154,1980,6.89972,44
154,1981,7.02731,51
154,1982,7.1309,49
155,1976,6.52209,49
155,1977,6.68461,46
155,1978,6.80239,48
155,1979,7.00307,48
155,1980,7.00307,48
155,1981,7.27932,48
155,1982,7.37776,48
156,1976,6.65286,47
156,1977,6.77422,47
156,1978,6.80239,47
156,1979,6.85646,47
156,1980,7.00307,48
156,1981,7.09008,48
156,1982,7.06902,48
157,1976,6.54535,48
157,1977,6.45362,51
157,1978,6.57786,49
157,1979,6.67456,49
157,1980,6.77308,50
157,1981,6.86901,50
157,1982,6.90776,50
158,1976,6.63857,46
158,1977,6.68461,47
158,1978,6.7334,47
158,1979,6.88244,47
158,1980,6.9256,47
158,1981,7.04141,47
158,1982,7.08841,47
159,1976,6.55108,49
159,1977,6.58617,49
159,1978,6.65286,49
159,1979,6.43775,52
159,1980,6.62007,48
159,1981,6.80239,50
159,1982,6.68461,49
160,1976,6.62007,38
160,1977,6.80239,40
160,1978,6.85646,39
160,1979,6.90776,38
160,1980,6.95655,39
160,1981,7.09008,39
160,1982,7.1507,35
161,1976,6.10925,50
161,1977,6.21461,52
161,1978,6.21461,52
161,1979,6.5582,52
161,1980,6.66568,52
161,1981,6.86171,46
161,1982,6.97073,52
162,1976,5.743,50
162,1977,6.05209,38
162,1978,6.07993,49
162,1979,6.30992,49
162,1980,6.39693,51
162,1981,6.47697,51
162,1982,6.51471,49
163,1976,6.04025,50
163,1977,6.18415,52
163,1978,6.21461,51
163,1979,6.30992,49
163,1980,6.4552,49
163,1981,6.52209,50
163,1982,6.64249,49
164,1976,6.07304,49
164,1977,6.19441,46
164,1978,6.31897,50
164,1979,6.39526,50
164,1980,6.47697,46
164,1981,6.59715,45
164,1982,6.69208,41
165,1976,6.17794,50
165,1977,6.31716,50
165,1978,6.41182,50
165,1979,6.39693,50
165,1980,6.51471,40
165,1981,6.61338,48
165,1982,6.67834,45
166,1976,6.71538,50
166,1977,6.78559,48
166,1978,6.88449,48
166,1979,7.00307,47
166,1980,7.09008,43
166,1981,7.17012,49
166,1982,7.29302,48
167,1976,5.01064,20
167,1977,5.01064,30
167,1978,5.52146,36
167,1979,5.66988,52
167,1980,5.73657,52
167,1981,5.81413,29
167,1982,5.81413,40
168,1976,6.23245,40
168,1977,6.57925,42
168,1978,6.65286,44
168,1979,6.74524,48
168,1980,7.49554,48
168,1981,8.16052,48
168,1982,8.3082,50
169,1976,6.90575,50
169,1977,6.90575,50
169,1978,7.40853,51
169,1979,7.46737,51
169,1980,7.52294,51
169,1981,7.46737,49
169,1982,7.57558,50
170,1976,5.67332,39
170,1977,5.7462,47
170,1978,5.82895,49
170,1979,6.07993,50
170,1980,5.99146,52
170,1981,5.99146,49
170,1982,6.13773,49
171,1976,5.99146,51
171,1977,5.92693,51
171,1978,6.07993,50
171,1979,6.07993,49
171,1980,6.2634,45
171,1981,6.43775,52
171,1982,6.55108,28
172,1976,6.90575,48
172,1977,6.90575,47
172,1978,7.22766,47
172,1979,7.29302,46
172,1980,7.33368,48
172,1981,7.57353,49
172,1982,7.27101,50
173,1976,6.90575,48
173,1977,6.90575,46
173,1978,7.34601,46
173,1979,7.31322,49
173,1980,7.55486,44
173,1981,7.71869,48
173,1982,7.69621,43
174,1976,6.08222,28
174,1977,6.51323,40
174,1978,6.62141,29
174,1979,6.6995,46
174,1980,6.79571,48
174,1981,6.89669,49
174,1982,6.99668,48
175,1976,5.96615,49
175,1977,6.11147,50
175,1978,6.17379,48
175,1979,6.22059,49
175,1980,6.28972,48
175,1981,6.36475,50
175,1982,6.72743,49
176,1976,6.43615,50
176,1977,6.65929,50
176,1978,6.74524,50
176,1979,6.85646,50
176,1980,6.90776,50
176,1981,7.1333,49
176,1982,7.21891,47
177,1976,6.77422,49
177,1977,6.82546,51
177,1978,6.07993,48
177,1979,6.90776,49
177,1980,6.21461,47
177,1981,6.70073,52
177,1982,6.59304,50
178,1976,6.10032,49
178,1977,6.15698,48
178,1978,6.24222,49
178,1979,6.38351,50
178,1980,6.42487,51
178,1981,6.57228,47
178,1982,6.75693,49
179,1976,5.7462,47
179,1977,5.92693,47
179,1978,6.01616,49
179,1979,5.94803,50
179,1980,6.05209,46
179,1981,6.32436,48
179,1982,6.3699,49
180,1976,6.28972,48
180,1977,6.39693,48
180,1978,6.54535,50
180,1979,6.73102,50
180,1980,7.49332,51
180,1981,6.73102,50
180,1982,6.98286,50
181,1976,6.55108,46
181,1977,6.86693,26
181,1978,6.9256,50
181,1979,7.06476,49
181,1980,7.1309,49
181,1981,7.43838,49
181,1982,7.14441,32
182,1976,5.85793,51
182,1977,5.8861,51
182,1978,5.99146,51
182,1979,6.02828,50
182,1980,6.10925,50
182,1981,6.16331,50
182,1982,6.21461,51
183,1976,5.42053,36
183,1977,5.51745,36
183,1978,5.19296,39
183,1979,5.34711,36
183,1980,5.64191,35
183,1981,5.65948,38
183,1982,5.75257,41
184,1976,6.55393,47
184,1977,6.71538,47
184,1978,6.62407,47
184,1979,6.83087,47
184,1980,6.95655,47
184,1981,6.7901,47
184,1982,7.09008,47
185,1976,6.55108,48
185,1977,6.62007,49
185,1978,6.70564,48
185,1979,6.78559,48
185,1980,6.88857,46
185,1981,7.0076,46
185,1982,7.11233,47
186,1976,6.80239,45
186,1977,6.85646,45
186,1978,6.98008,45
186,1979,7.09589,46
186,1980,7.48829,44
186,1981,7.45124,44
186,1982,7.47873,30
187,1976,6.90575,47
187,1977,6.90575,49
187,1978,7.11639,45
187,1979,7.07412,26
187,1980,7.0579,22
187,1981,7.02643,48
187,1982,7.26263,42
188,1976,6.62007,49
188,1977,6.62007,48
188,1978,6.83303,48
188,1979,6.9256,48
188,1980,7.02376,47
188,1981,7.06305,46
188,1982,7.18311,48
189,1976,6.90575,48
189,1977,6.90575,48
189,1978,7.04752,49
189,1979,7.09008,48
189,1980,7.1309,48
189,1981,6.99942,48
189,1982,7.01481,49
190,1976,6.09582,51
190,1977,6.29157,51
190,1978,6.40523,50
190,1979,6.62007,50
190,1980,6.71901,49
190,1981,6.82546,50
190,1982,6.95464,50
191,1976,6.10032,50
191,1977,6.29157,51
191,1978,6.29157,51
191,1979,6.37161,51
191,1980,6.47389,44
191,1981,6.54679,41
191,1982,6.5903,42
192,1976,6.286,48
192,1977,6.4599,49
192,1978,6.54965,42
192,1979,6.64639,15
192,1980,6.76849,44
192,1981,6.84162,47
192,1982,6.94794,44
193,1976,6.90575,48
193,1977,6.90575,49
193,1978,7.36518,50
193,1979,7.42476,48
193,1980,7.46737,49
193,1981,7.28139,52
193,1982,7.49332,50
194,1976,6.54965,47
194,1977,6.83518,45
194,1978,6.79794,48
194,1979,6.80128,48
194,1980,6.91075,48
194,1981,6.69084,51
194,1982,6.47697,49
195,1976,6.44572,52
195,1977,6.62007,50
195,1978,6.69703,50
195,1979,6.82979,50
195,1980,6.90776,50
195,1981,6.72263,51
195,1982,6.72022,52
196,1976,6.05209,46
196,1977,6.21461,50
196,1978,6.43775,49
196,1979,6.58617,48
196,1980,6.68461,50
196,1981,6.74524,50
196,1982,6.90776,40
197,1976,5.53339,50
197,1977,5.82008,50
197,1978,5.8999,50
197,1979,5.97635,50
197,1980,6.05209,49
197,1981,6.12905,48
197,1982,6.21261,39
198,1976,6.68461,47
198,1977,6.68461,48
198,1978,6.77422,47
198,1979,6.84588,45
198,1980,7.02554,45
198,1981,7.08841,45
198,1982,7.1309,45
199,1976,6.39693,50
199,1977,6.51915,50
199,1978,6.60394,48
199,1979,6.73815,50
199,1980,6.84268,49
199,1981,6.90776,48
199,1982,7.09008,50
200,1976,6.17379,43
200,1977,6.33683,38
200,1978,6.35437,36
200,1979,6.39526,36
200,1980,6.55108,36
200,1981,6.68461,37
200,1982,6.73102,38
201,1976,6.16331,48
201,1977,6.24222,47
201,1978,6.36647,48
201,1979,6.44254,47
201,1980,6.51026,47
201,1981,6.62407,45
201,1982,6.71538,47
202,1976,5.90808,50
202,1977,5.92693,50
202,1978,6.10702,51
202,1979,6.26149,51
202,1980,6.26149,48
202,1981,6.31716,50
202,1982,6.42487,50
203,1976,6.07993,46
203,1977,6.07993,52
203,1978,6.13773,51
203,1979,6.18826,50
203,1980,6.18826,51
203,1981,5.96615,51
203,1982,6.01616,52
204,1976,6.47697,50
204,1977,6.53669,48
204,1978,6.58617,45
204,1979,6.67203,38
204,1980,6.80239,28
204,1981,6.93731,44
204,1982,7.04752,46
205,1976,6.54679,45
205,1977,6.68461,48
205,1978,6.90776,42
205,1979,6.69456,36
205,1980,6.90776,48
205,1981,6.93828,34
205,1982,7.04839,34
206,1976,6.90575,48
206,1977,6.90575,50
206,1978,7.34278,50
206,1979,7.47591,49
206,1980,7.50108,49
206,1981,7.21744,49
206,1982,7.87284,47
207,1976,6.90575,51
207,1977,6.90575,35
207,1978,7.31322,52
207,1979,7.70661,52
207,1980,6.98286,52
207,1981,7.46737,52
207,1982,7.91936,51
208,1976,5.39363,22
208,1977,5.52146,46
208,1978,5.75257,50
208,1979,5.75257,49
208,1980,5.81413,50
208,1981,5.95324,41
208,1982,6.05209,42
209,1976,6.55108,49
209,1977,6.67203,40
209,1978,6.66568,44
209,1979,6.67203,43
209,1980,6.71538,41
209,1981,6.80239,40
209,1982,6.8977,42
210,1976,6.62007,39
210,1977,6.62007,48
210,1978,6.71538,48
210,1979,6.80239,48
210,1980,6.85646,47
210,1981,6.90776,45
210,1982,6.95655,45
211,1976,6.77422,49
211,1977,6.90575,48
211,1978,6.90776,49
211,1979,7.3696,49
211,1980,7.45298,52
211,1981,7.64969,49
211,1982,7.54961,48
212,1976,6.90575,49
212,1977,6.90575,48
212,1978,7.09008,49
212,1979,7.20786,49
212,1980,7.31322,47
212,1981,7.20117,49
212,1982,7.6009,49
213,1976,6.90575,48
213,1977,6.90575,49
213,1978,7.00307,49
213,1979,7.09008,51
213,1980,7.1309,48
213,1981,7.08171,49
213,1982,7.24423,48
214,1976,6.286,49
214,1977,6.35437,48
214,1978,6.43775,49
214,1979,6.43775,49
214,1980,6.47697,49
214,1981,6.55108,49
214,1982,6.55108,49
215,1976,6.2634,48
215,1977,6.17379,50
215,1978,6.10925,50
215,1979,6.10925,46
215,1980,6.30992,52
215,1981,6.21461,51
215,1982,6.39693,50
216,1976,6.85646,49
216,1977,6.90575,49
216,1978,7.04752,49
216,1979,7.1309,49
216,1980,7.24423,47
216,1981,6.99485,48
216,1982,7.54961,48
217,1976,6.05209,49
217,1977,6.05209,50
217,1978,6.21461,50
217,1979,6.33328,51
217,1980,6.43775,50
217,1981,6.19236,49
217,1982,6.53233,49
218,1976,6.31536,46
218,1977,6.33328,12
218,1978,6.40192,49
218,1979,6.54103,49
218,1980,6.54679,48
218,1981,6.65028,49
218,1982,6.68835,49
219,1976,6.81344,48
219,1977,6.80239,43
219,1978,6.95655,48
219,1979,7.08841,48
219,1980,7.36455,48
219,1981,7.49554,50
219,1982,7.21082,50
220,1976,6.47851,43
220,1977,6.55393,41
220,1978,6.62804,43
220,1979,6.74524,42
220,1980,6.82979,41
220,1981,7.09008,45
220,1982,7.05099,46
221,1976,6.90575,44
221,1977,6.90575,49
221,1978,7.20786,48
221,1979,7.29302,45
221,1980,7.37776,46
221,1981,7.15462,46
221,1982,7.28207,46
222,1976,5.70378,45
222,1977,6.2634,46
222,1978,5.92693,43
222,1979,5.52146,36
222,1980,5.99146,44
222,1981,6.16331,47
222,1982,6.35437,51
223,1976,6.10925,50
223,1977,6.24417,49
223,1978,6.28227,50
223,1979,6.38519,49
223,1980,6.4892,50
223,1981,6.55678,49
223,1982,6.77422,48
224,1976,6.90575,30
224,1977,6.90575,26
224,1978,7.03878,30
224,1979,7.12287,36
224,1980,7.12287,49
224,1981,7.17012,44
224,1982,7.30653,52
225,1976,6.02345,49
225,1977,6.25383,49
225,1978,6.33328,49
225,1979,6.47697,49
225,1980,6.49072,49
225,1981,6.84268,49
225,1982,6.90174,49
226,1976,5.57973,49
226,1977,5.66988,52
226,1978,5.826,51
226,1979,5.87493,48
226,1980,5.8999,50
226,1981,6.10925,43
226,1982,6.19236,50
227,1976,6.90575,47
227,1977,6.90575,52
227,1978,7.1107,43
227,1979,7.1309,48
227,1980,6.67077,48
227,1981,6.90776,48
227,1982,6.90776,48
228,1976,6.14633,50
228,1977,6.55108,50
228,1978,6.80239,50
228,1979,6.90776,50
228,1980,7.09008,50
228,1981,7.24423,50
228,1982,7.31322,49
229,1976,6.68461,40
229,1977,6.74524,40
229,1978,6.74524,40
229,1979,6.85646,40
229,1980,6.90776,39
229,1981,6.90776,42
229,1982,6.90776,42
230,1976,5.9135,50
230,1977,6.24028,50
230,1978,6.36303,50
230,1979,6.55108,50
230,1980,6.71538,50
230,1981,6.80239,50
230,1982,6.90776,50
231,1976,6.90575,49
231,1977,6.90575,48
231,1978,7.64969,49
231,1979,7.88231,48
231,1980,7.82405,49
231,1981,7.97247,48
231,1982,8.04719,48
232,1976,6.04025,34
232,1977,6.90575,49
232,1978,6.95655,49
232,1979,7.01571,47
232,1980,7.09008,46
232,1981,7.1309,48
232,1982,7.04141,48
233,1976,6.63332,46
233,1977,6.71538,49
233,1978,6.82979,47
233,1979,6.90776,50
233,1980,7.00307,50
233,1981,7.08255,45
233,1982,7.1309,39
234,1976,6.23245,39
234,1977,6.30262,47
234,1978,6.34564,48
234,1979,6.47235,48
234,1980,6.48768,50
234,1981,6.71538,48
234,1982,6.74524,47
235,1976,5.92693,49
235,1977,5.95324,48
235,1978,6.10925,46
235,1979,6.14204,48
235,1980,6.17379,46
235,1981,6.17379,40
235,1982,6.17379,49
236,1976,6.90575,48
236,1977,6.90575,49
236,1978,7.18917,49
236,1979,7.19293,49
236,1980,7.37776,48
236,1981,7.37776,48
236,1982,7.48717,48
237,1976,6.16331,36
237,1977,6.15273,36
237,1978,6.3699,43
237,1979,6.38012,36
237,1980,6.31716,40
237,1981,6.57925,40
237,1982,6.59304,36
238,1976,6.74524,52
238,1977,6.85118,50
238,1978,6.90776,52
238,1979,6.96602,50
238,1980,7.03439,50
238,1981,6.92067,48
238,1982,7.03527,48
239,1976,6.90575,47
239,1977,6.90575,47
239,1978,7.82405,47
239,1979,7.90101,47
239,1980,7.67322,47
239,1981,8.00637,47
239,1982,8.05516,49
240,1976,6.90575,49
240,1977,6.90575,49
240,1978,7.12367,49
240,1979,7.23921,49
240,1980,7.42357,49
240,1981,7.46737,49
240,1982,7.55747,48
241,1976,6.53814,50
241,1977,6.62936,49
241,1978,6.72263,45
241,1979,6.86485,43
241,1980,6.87626,49
241,1981,6.75809,44
241,1982,6.76964,38
242,1976,5.75257,47
242,1977,5.75257,45
242,1978,5.88053,46
242,1979,5.94542,41
242,1980,6.03548,48
242,1981,6.02587,45
242,1982,6.16542,39
243,1976,6.90575,46
243,1977,6.90575,43
243,1978,7.1452,40
243,1979,7.22548,43
243,1980,7.33302,50
243,1981,7.40853,49
243,1982,7.34601,48
244,1976,6.37161,42
244,1977,6.46925,48
244,1978,6.56948,48
244,1979,6.51175,43
244,1980,6.56526,52
244,1981,6.64639,52
244,1982,6.7334,52
245,1976,6.39693,48
245,1977,6.47697,44
245,1978,6.55108,45
245,1979,6.62007,50
245,1980,6.66568,50
245,1981,6.68461,50
245,1982,6.7093,40
246,1976,6.47697,50
246,1977,6.35437,26
246,1978,6.35437,24
246,1979,6.50728,39
246,1980,6.59715,51
246,1981,6.66313,44
246,1982,6.62007,46
247,1976,5.43808,50
247,1977,5.56068,44
247,1978,5.57973,50
247,1979,5.73657,50
247,1980,5.76832,50
247,1981,5.81413,50
247,1982,6.04025,49
248,1976,5.7462,49
248,1977,5.73657,50
248,1978,5.4161,42
248,1979,5.46383,51
248,1980,6.21461,52
248,1981,5.85793,50
248,1982,6.21461,47
249,1976,6.62007,49
249,1977,6.55108,48
249,1978,6.74524,48
249,1979,6.80239,47
249,1980,6.95655,48
249,1981,7.02554,47
249,1982,7.00307,48
250,1976,6.05678,48
250,1977,6.10925,47
250,1978,6.18415,48
250,1979,6.28413,48
250,1980,6.39693,48
250,1981,6.51471,48
250,1982,6.57508,48
251,1976,5.8861,50
251,1977,6.21461,49
251,1978,6.44572,49
251,1979,6.39693,50
251,1980,6.65673,49
251,1981,6.62007,50
251,1982,6.62007,49
252,1976,6.90575,49
252,1977,6.90575,47
252,1978,7.54961,49
252,1979,7.6009,48
252,1980,7.67322,49
252,1981,7.6009,48
252,1982,7.69621,47
253,1976,6.23832,49
253,1977,6.49224,32
253,1978,6.52209,49
253,1979,6.58617,49
253,1980,6.80239,34
253,1981,6.85646,49
253,1982,6.95655,49
254,1976,6.22654,48
254,1977,6.30992,48
254,1978,6.39693,47
254,1979,6.52942,48
254,1980,6.61204,48
254,1981,6.70441,48
254,1982,6.72623,24
255,1976,6.05209,48
255,1977,6.01616,11
255,1978,6.27852,37
255,1979,6.36819,50
255,1980,6.45834,40
255,1981,6.56244,47
255,1982,6.63068,50
256,1976,6.23048,16
256,1977,6.35437,39
256,1978,6.49979,50
256,1979,6.68461,50
256,1980,6.98008,50
256,1981,7.00307,49
256,1982,7.09008,48
257,1976,6.64379,47
257,1977,6.74406,47
257,1978,6.79906,47
257,1979,6.89366,47
257,1980,7.02731,47
257,1981,7.06476,47
257,1982,7.20042,47
258,1976,6.51175,42
258,1977,6.49527,45
258,1978,6.63726,47
258,1979,6.63857,46
258,1980,6.69456,44
258,1981,6.69827,51
258,1982,6.99393,45
259,1976,5.85793,49
259,1977,5.85793,51
259,1978,6.21461,28
259,1979,6.18415,50
259,1980,6.23441,51
259,1981,6.18415,50
259,1982,6.16752,52
260,1976,6.55108,49
260,1977,6.63332,50
260,1978,6.74524,49
260,1979,6.95655,49
260,1980,7.02554,48
260,1981,7.1507,48
260,1982,7.31322,49
261,1976,6.31716,37
261,1977,6.3613,50
261,1978,6.42972,49
261,1979,6.73102,37
261,1980,6.81014,47
261,1981,6.95177,45
261,1982,6.9256,49
262,1976,6.83841,49
262,1977,6.85224,49
262,1978,6.91175,48
262,1979,6.91175,49
262,1980,7.31122,49
262,1981,7.18917,50
262,1982,7.37776,49
263,1976,6.10925,37
263,1977,6.20456,33
263,1978,6.37161,43
263,1979,6.39693,46
263,1980,6.55108,48
263,1981,6.60259,49
263,1982,6.62007,48
264,1976,6.30992,48
264,1977,6.29157,35
264,1978,6.30992,40
264,1979,6.65286,36
264,1980,6.62007,28
264,1981,6.57228,51
264,1982,7.04752,50
265,1976,6.67834,49
265,1977,6.75227,45
265,1978,6.84162,48
265,1979,6.95655,49
265,1980,7.00307,47
265,1981,7.15462,48
265,1982,7.21524,47
266,1976,6.90575,44
266,1977,6.90575,41
266,1978,7.02997,43
266,1979,7.09008,41
266,1980,7.20786,44
266,1981,7.26193,43
266,1982,7.27932,42
267,1976,6.55962,49
267,1977,6.60123,49
267,1978,6.73221,49
267,1979,6.79122,48
267,1980,6.90776,48
267,1981,7.00307,47
267,1982,7.09008,46
268,1976,5.89715,51
268,1977,6.07993,51
268,1978,5.98141,51
268,1979,6.33328,50
268,1980,6.27476,51
268,1981,6.20456,52
268,1982,6.58617,51
269,1976,6.44572,50
269,1977,6.74524,50
269,1978,6.81892,52
269,1979,6.85646,51
269,1980,7.00307,51
269,1981,7.09008,49
269,1982,7.20786,50
270,1976,6.90575,51
270,1977,6.90575,49
270,1978,7.91936,47
270,1979,8.13153,47
270,1980,8.0229,47
270,1981,7.92516,47
270,1982,7.84502,47
271,1976,6.4892,50
271,1977,6.5582,50
271,1978,6.57786,50
271,1979,6.68461,50
271,1980,6.39693,50
271,1981,7.09008,50
271,1982,6.86693,50
272,1976,6.35437,49
272,1977,6.44572,49
272,1978,6.80239,51
272,1979,6.80239,49
272,1980,6.90776,49
272,1981,6.96602,50
272,1982,7.09008,50
273,1976,6.31173,50
273,1977,6.54535,40
273,1978,6.56386,50
273,1979,6.632,47
273,1980,6.80239,48
273,1981,6.84162,48
273,1982,6.8977,46
274,1976,6.64249,49
274,1977,6.75344,48
274,1978,6.81783,49
274,1979,6.91473,48
274,1980,6.95655,49
274,1981,7.01571,48
274,1982,7.09423,48
275,1976,6.21461,30
275,1977,6.17379,50
275,1978,6.35437,50
275,1979,6.55108,50
275,1980,6.45362,50
275,1981,6.21461,50
275,1982,7.82405,49
276,1976,6.55251,51
276,1977,6.62007,52
276,1978,6.68461,51
276,1979,6.72383,43
276,1980,6.82437,50
276,1981,6.95655,48
276,1982,7.00307,49
277,1976,6.42162,47
277,1977,6.4892,48
277,1978,6.72022,46
277,1979,6.76964,47
277,1980,6.80239,47
277,1981,6.8773,47
277,1982,6.99577,47
278,1976,6.90575,51
278,1977,6.90575,49
278,1978,7.17012,49
278,1979,7.28276,49
278,1980,7.36201,48
278,1981,7.33498,50
278,1982,7.47534,48
279,1976,6.57368,50
279,1977,6.6796,48
279,1978,6.85857,49
279,1979,6.84268,49
279,1980,6.96791,49
279,1981,7.1309,49
279,1982,7.18992,49
280,1976,6.05209,52
280,1977,6.05209,46
280,1978,6.10925,51
280,1979,6.21461,49
280,1980,6.2634,48
280,1981,6.2634,47
280,1982,6.30992,50
281,1976,6.53088,36
281,1977,6.55962,50
281,1978,6.58064,49
281,1979,6.72383,50
281,1980,6.87626,50
281,1981,6.97541,50
281,1982,7.00307,49
282,1976,6.74524,48
282,1977,6.74524,48
282,1978,6.81344,49
282,1979,6.85118,49
282,1980,7.02554,48
282,1981,7.09008,45
282,1982,7.27932,48
283,1976,6.90575,50
283,1977,6.21461,51
283,1978,7.1309,50
283,1979,6.90776,50
283,1980,7.31322,50
283,1981,7.46737,49
283,1982,7.31322,49
284,1976,6.44413,49
284,1977,6.45362,46
284,1978,6.52062,49
284,1979,6.72743,48
284,1980,6.59167,49
284,1981,6.73815,49
284,1982,6.77422,48
285,1976,6.48311,49
285,1977,6.53233,47
285,1978,6.75227,49
285,1979,6.80017,49
285,1980,6.75926,48
285,1981,6.96885,48
285,1982,6.90975,48
286,1976,5.99146,47
286,1977,6.38012,48
286,1978,6.56526,48
286,1979,6.7334,49
286,1980,6.74524,48
286,1981,6.84588,48
286,1982,6.74524,46
287,1976,6.50429,41
287,1977,6.47389,42
287,1978,6.56386,47
287,1979,6.7511,47
287,1980,6.88755,48
287,1981,6.99485,38
287,1982,7.08423,40
288,1976,6.86485,49
288,1977,6.90575,49
288,1978,7.02554,49
288,1979,7.1507,49
288,1980,7.24423,49
288,1981,6.9594,47
288,1982,7.44132,46
289,1976,6.90575,50
289,1977,6.90575,50
289,1978,7.46737,49
289,1979,7.69621,49
289,1980,7.6009,49
289,1981,7.91936,49
289,1982,7.91936,48
290,1976,6.28786,50
290,1977,6.20456,49
290,1978,6.24417,51
290,1979,6.32794,50
290,1980,6.53669,50
290,1981,6.55108,49
290,1982,6.62007,49
291,1976,6.80239,49
291,1977,6.82979,46
291,1978,6.98472,50
291,1979,7.00307,49
291,1980,6.70808,48
291,1981,6.9613,47
291,1982,6.96035,47
292,1976,6.61607,48
292,1977,6.57647,48
292,1978,6.68461,47
292,1979,6.74288,47
292,1980,7.03615,48
292,1981,7.02465,47
292,1982,7.22621,48
293,1976,6.06611,30
293,1977,6.18826,50
293,1978,6.31173,50
293,1979,6.55678,50
293,1980,6.55393,50
293,1981,6.75227,50
293,1982,6.92166,50
294,1976,6.19644,49
294,1977,6.2653,48
294,1978,6.36475,41
294,1979,6.43935,49
294,1980,6.54391,47
294,1981,6.61473,48
294,1982,6.71659,47
295,1976,6.33328,48
295,1977,6.61473,48
295,1978,6.73459,48
295,1979,6.77422,46
295,1980,6.86485,47
295,1981,6.97073,47
295,1982,7.04752,47
296,1976,6.44572,50
296,1977,6.33328,47
296,1978,6.39693,48
296,1979,6.48158,48
296,1980,6.59167,39
296,1981,6.59304,50
296,1982,6.77878,50
297,1976,6.42972,49
297,1977,6.43133,48
297,1978,6.59441,34
297,1979,6.71174,47
297,1980,6.74524,48
297,1981,6.8773,47
297,1982,6.80239,48
298,1976,6.49224,50
298,1977,6.21461,50
298,1978,6.72743,50
298,1979,6.66568,49
298,1980,6.30992,48
298,1981,6.21461,50
298,1982,6.21461,50
299,1976,6.30992,49
299,1977,6.30992,50
299,1978,6.30992,49
299,1979,6.30992,50
299,1980,6.55108,50
299,1981,6.62007,50
299,1982,6.74524,50
300,1976,6.14633,51
300,1977,6.25383,51
300,1978,6.30992,51
300,1979,6.35089,47
300,1980,6.46147,49
300,1981,6.50279,47
300,1982,6.59715,47
301,1976,6.53669,49
301,1977,6.55108,49
301,1978,6.65929,49
301,1979,6.82979,48
301,1980,6.85646,46
301,1981,6.95655,46
301,1982,7.1309,48
302,1976,6.22456,36
302,1977,6.30992,36
302,1978,6.47697,37
302,1979,6.67834,38
302,1980,6.77992,35
302,1981,6.80461,35
302,1982,6.85646,36
303,1976,5.75257,50
303,1977,5.85793,50
303,1978,6.07535,49
303,1979,8.51719,49
303,1980,6.51471,51
303,1981,6.58617,49
303,1982,6.70319,48
304,1976,6.16331,50
304,1977,6.2634,51
304,1978,6.35437,51
304,1979,6.43775,51
304,1980,6.47697,51
304,1981,6.55108,51
304,1982,6.40853,51
305,1976,6.90575,50
305,1977,6.90575,49
305,1978,7.25134,49
305,1979,7.25134,49
305,1980,6.90776,50
305,1981,7.23634,47
305,1982,7.2724,48
306,1976,6.49527,50
306,1977,6.60394,50
306,1978,6.70073,50
306,1979,6.58617,49
306,1980,6.41836,49
306,1981,6.21461,49
306,1982,6.62007,49
307,1976,6.45047,47
307,1977,6.67203,52
307,1978,6.56386,50
307,1979,6.60665,47
307,1980,6.83518,49
307,1981,6.86171,47
307,1982,7.06987,51
308,1976,6.48158,46
308,1977,6.55393,48
308,1978,6.61874,46
308,1979,6.75693,46
308,1980,6.87626,46
308,1981,6.99026,40
308,1982,7.07496,42
309,1976,6.00389,48
309,1977,6.10925,44
309,1978,6.23441,41
309,1979,6.03548,33
309,1980,6.11589,51
309,1981,6.19441,38
309,1982,6.27099,51
310,1976,6.3315,50
310,1977,6.39359,49
310,1978,6.48464,36
310,1979,6.56948,49
310,1980,6.70319,49
310,1981,6.7901,49
310,1982,6.87626,48
311,1976,6.41182,50
311,1977,6.56526,50
311,1978,6.59987,33
311,1979,6.69084,49
311,1980,6.84055,49
311,1981,6.93731,42
311,1982,7.03615,49
312,1976,6.57508,36
312,1977,6.65157,49
312,1978,6.75577,47
312,1979,6.84055,49
312,1980,6.90675,48
312,1981,6.68336,49
312,1982,7.06133,49
313,1976,6.22258,50
313,1977,6.34564,50
313,1978,6.42972,50
313,1979,6.49224,49
313,1980,6.63595,48
313,1981,6.65929,48
313,1982,7.1309,46
314,1976,6.30262,49
314,1977,6.35611,50
314,1978,6.4151,44
314,1979,6.49224,50
314,1980,6.62407,50
314,1981,6.79571,49
314,1982,6.97541,50
315,1976,5.70711,36
315,1977,6.39693,47
315,1978,6.39693,36
315,1979,6.63463,47
315,1980,6.62007,48
315,1981,6.68461,38
315,1982,6.82979,48
316,1976,6.90575,51
316,1977,6.90575,52
316,1978,7.67322,49
316,1979,7.75148,50
316,1980,7.81883,49
316,1981,7.6009,50
316,1982,7.90397,50
317,1976,5.99146,43
317,1977,5.90263,51
317,1978,6.55108,35
317,1979,6.49979,36
317,1980,6.21461,50
317,1981,6.68461,48
317,1982,6.21461,26
318,1976,6.35437,38
318,1977,6.47697,49
318,1978,6.74524,52
318,1979,6.55108,48
318,1980,6.80239,27
318,1981,6.57925,50
318,1982,6.90776,49
319,1976,6.50129,47
319,1977,6.57368,47
319,1978,6.65544,44
319,1979,6.75344,47
319,1980,6.84801,47
319,1981,6.94312,47
319,1982,7.03527,40
320,1976,6.09131,50
320,1977,6.23637,48
320,1978,6.27099,50
320,1979,6.47697,50
320,1980,6.59578,46
320,1981,6.44572,51
320,1982,6.77992,46
321,1976,6.04025,49
321,1977,6.20658,50
321,1978,6.27288,50
321,1979,6.39693,50
321,1980,6.4708,50
321,1981,6.54535,48
321,1982,6.68211,49
322,1976,6.68711,48
322,1977,6.74524,50
322,1978,6.85646,48
322,1979,6.95655,47
322,1980,7.04752,48
322,1981,7.0934,48
322,1982,7.1309,47
323,1976,6.55108,49
323,1977,6.55108,49
323,1978,6.80239,50
323,1979,6.85646,49
323,1980,6.86693,50
323,1981,7.00307,46
323,1982,7.1309,47
324,1976,6.18826,33
324,1977,6.60665,50
324,1978,6.68461,37
324,1979,6.76849,42
324,1980,6.86066,32
324,1981,6.96602,47
324,1982,7.00307,48
325,1976,6.2634,50
325,1977,6.29157,50
325,1978,6.39693,50
325,1979,6.39693,50
325,1980,6.57786,50
325,1981,6.62007,50
325,1982,6.68461,50
326,1976,6.55108,48
326,1977,6.68461,47
326,1978,6.55108,47
326,1979,6.82871,47
326,1980,6.80239,47
326,1981,7.13648,47
326,1982,7.18311,47
327,1976,5.93225,39
327,1977,6.19644,39
327,1978,6.23637,41
327,1979,6.30992,37
327,1980,6.44254,37
327,1981,6.10925,36
327,1982,6.21461,36
328,1976,6.62007,48
328,1977,6.68461,48
328,1978,6.7334,48
328,1979,6.81892,49
328,1980,6.87213,48
328,1981,6.96602,50
328,1982,7.04316,49
329,1976,6.42162,49
329,1977,6.47697,48
329,1978,6.55108,48
329,1979,6.68461,48
329,1980,6.68461,48
329,1981,6.80239,48
329,1982,6.90776,48
330,1976,6.75926,45
330,1977,6.81344,36
330,1978,6.86693,36
330,1979,6.85118,35
330,1980,6.9489,35
330,1981,7.06476,35
330,1982,7.11477,36
331,1976,6.88959,46
331,1977,6.90575,49
331,1978,6.90776,43
331,1979,7.00307,48
331,1980,7.1309,47
331,1981,7.10824,48
331,1982,7.09008,47
332,1976,5.61313,30
332,1977,5.82008,48
332,1978,5.76205,49
332,1979,5.8999,46
332,1980,5.95842,47
332,1981,6.17379,46
332,1982,6.10256,48
333,1976,6.44572,49
333,1977,6.62007,47
333,1978,6.59987,50
333,1979,6.63332,46
333,1980,6.83518,48
333,1981,6.99942,48
333,1982,6.90776,48
334,1976,6.33328,50
334,1977,5.85793,51
334,1978,6.39526,51
334,1979,6.10925,50
334,1980,6.10925,43
334,1981,6.10925,51
334,1982,6.39693,49
335,1976,6.39526,42
335,1977,6.43615,50
335,1978,6.49224,47
335,1979,6.73102,45
335,1980,6.74524,49
335,1981,7.04229,46
335,1982,7.09008,48
336,1976,6.30992,50
336,1977,6.53669,49
336,1978,6.46147,50
336,1979,6.57925,48
336,1980,6.8977,52
336,1981,6.42487,50
336,1982,6.91473,47
337,1976,6.65286,49
337,1977,6.77422,52
337,1978,6.90776,52
337,1979,6.96885,50
337,1980,6.96224,51
337,1981,7.10824,50
337,1982,7.39326,50
338,1976,5.98645,49
338,1977,5.95584,49
338,1978,6.18415,49
338,1979,6.19236,48
338,1980,6.62539,47
338,1981,6.62007,47
338,1982,6.80239,47
339,1976,5.88332,51
339,1977,5.8861,50
339,1978,5.93489,49
339,1979,6.07993,48
339,1980,6.07993,49
339,1981,6.08222,47
339,1982,6.2634,48
340,1976,6.57647,23
340,1977,6.66441,42
340,1978,6.73697,47
340,1979,6.80793,47
340,1980,6.80793,47
340,1981,6.91771,47
340,1982,7.04141,47
341,1976,6.90575,48
341,1977,6.90575,48
341,1978,7.24566,49
341,1979,7.37776,48
341,1980,7.47307,49
341,1981,7.57558,48
341,1982,7.67322,49
342,1976,6.4552,48
342,1977,6.5582,48
342,1978,6.66313,47
342,1979,6.84588,48
342,1980,6.9256,48
342,1981,7.13648,48
342,1982,7.27031,47
343,1976,6.90575,45
343,1977,6.90575,47
343,1978,7.18539,46
343,1979,7.24423,46
343,1980,7.31122,46
343,1981,7.37588,45
343,1982,7.19519,43
344,1976,6.90575,49
344,1977,6.90575,46
344,1978,7.6009,50
344,1979,7.71869,47
344,1980,7.74066,50
344,1981,7.6009,49
344,1982,7.6811,48
345,1976,6.16331,49
345,1977,6.30992,50
345,1978,6.30445,50
345,1979,6.62007,50
345,1980,6.47697,49
345,1981,6.55108,49
345,1982,6.47697,49
346,1976,6.90575,38
346,1977,6.90575,44
346,1978,6.57925,42
346,1979,7.04752,37
346,1980,7.09008,39
346,1981,7.32251,36
346,1982,7.31322,40
347,1976,6.77422,38
347,1977,6.88755,39
347,1978,6.90776,36
347,1979,6.96508,37
347,1980,6.95655,39
347,1981,7.19669,39
347,1982,7.1309,36
348,1976,6.90575,48
348,1977,6.90575,47
348,1978,7.84385,49
348,1979,7.93737,48
348,1980,8.10168,48
348,1981,7.91936,35
348,1982,8.02027,25
349,1976,6.13988,51
349,1977,6.56667,49
349,1978,6.65157,50
349,1979,6.83303,50
349,1980,6.97167,49
349,1981,7.07834,48
349,1982,7.19669,49
350,1976,6.55108,40
350,1977,6.68711,38
350,1978,6.75227,46
350,1979,6.81344,46
350,1980,6.96035,46
350,1981,7.02019,44
350,1982,7.08171,43
351,1976,5.92693,49
351,1977,5.99146,49
351,1978,6.57368,48
351,1979,6.66568,51
351,1980,6.69703,47
351,1981,6.82002,44
351,1982,6.94505,50
352,1976,6.43775,50
352,1977,6.57368,49
352,1978,6.65286,49
352,1979,6.82655,48
352,1980,6.90776,49
352,1981,7.03615,48
352,1982,7.04229,48
353,1976,6.90575,47
353,1977,6.90575,48
353,1978,8.16052,45
353,1979,8.00637,47
353,1980,8.05516,47
353,1981,7.94591,47
353,1982,7.9831,47
354,1976,6.50429,49
354,1977,6.55108,47
354,1978,6.64509,48
354,1979,6.64639,49
354,1980,6.90776,49
354,1981,7.01392,46
354,1982,7.09008,49
355,1976,5.76832,47
355,1977,5.8999,50
355,1978,6.608,50
355,1979,6.84588,51
355,1980,6.08677,49
355,1981,6.30992,51
355,1982,6.30992,51
356,1976,6.39024,50
356,1977,6.49072,50
356,1978,6.61874,50
356,1979,6.80572,50
356,1980,6.90375,50
356,1981,6.98101,51
356,1982,7.06219,50
357,1976,6.34564,44
357,1977,6.51471,49
357,1978,6.57925,46
357,1979,6.63332,48
357,1980,6.80239,48
357,1981,6.88755,48
357,1982,7.0076,48
358,1976,6.49072,40
358,1977,6.51471,36
358,1978,6.55108,39
358,1979,6.70808,35
358,1980,6.82002,38
358,1981,6.4599,37
358,1982,6.99118,36
359,1976,5.98141,48
359,1977,5.98141,49
359,1978,6.10925,40
359,1979,6.21461,48
359,1980,6.25767,49
359,1981,6.32436,39
359,1982,6.43294,48
360,1976,6.90575,48
360,1977,6.90575,48
360,1978,7.24423,49
360,1979,6.95655,48
360,1980,7.00307,47
360,1981,7.17319,46
360,1982,7.1309,48
361,1976,5.4161,49
361,1977,5.48064,52
361,1978,6.21461,20
361,1979,6.25383,50
361,1980,6.34388,49
361,1981,7.17012,48
361,1982,7.21671,51
362,1976,6.58617,52
362,1977,6.66185,52
362,1978,6.81344,51
362,1979,6.86171,51
362,1980,7.06902,52
362,1981,7.0775,52
362,1982,7.1107,51
363,1976,6.12249,49
363,1977,6.16542,49
363,1978,6.21661,49
363,1979,6.56526,42
363,1980,6.62007,34
363,1981,6.69332,47
363,1982,6.80239,47
364,1976,6.43775,49
364,1977,6.39693,47
364,1978,6.4708,48
364,1979,6.74524,47
364,1980,6.77422,48
364,1981,6.7901,47
364,1982,6.7901,47
365,1976,6.90575,48
365,1977,6.90575,49
365,1978,5.01728,49
365,1979,7.37776,50
365,1980,7.46737,48
365,1981,7.37776,47
365,1982,7.33106,49
366,1976,6.62007,47
366,1977,6.55108,50
366,1978,6.55108,51
366,1979,5.87212,46
366,1980,6.9256,52
366,1981,6.76504,51
366,1982,6.68211,50
367,1976,6.51471,50
367,1977,6.76273,42
367,1978,6.93731,49
367,1979,6.82979,48
367,1980,6.88244,38
367,1981,6.98008,50
367,1982,7.09008,49
368,1976,6.4677,49
368,1977,6.62007,49
368,1978,6.76849,49
368,1979,6.99577,47
368,1980,7.13648,49
368,1981,7.37776,48
368,1982,7.54961,48
369,1976,6.29711,50
369,1977,6.49224,50
369,1978,6.74524,50
369,1979,6.88244,49
369,1980,6.95655,50
369,1981,7.04752,49
369,1982,7.1309,48
370,1976,6.60259,49
370,1977,6.62407,49
370,1978,6.71538,49
370,1979,6.84268,49
370,1980,7.02554,47
370,1981,7.2233,48
370,1982,7.09008,47
371,1976,6.56526,46
371,1977,6.65929,47
371,1978,6.78784,47
371,1979,6.85435,47
371,1980,6.96602,47
371,1981,7.15383,47
371,1982,7.10906,47
372,1976,6.52209,49
372,1977,6.58617,49
372,1978,6.65286,47
372,1979,6.65286,48
372,1980,6.77765,48
372,1981,6.80239,47
372,1982,6.93049,48
373,1976,6.05678,47
373,1977,6.23441,50
373,1978,6.39693,50
373,1979,6.39859,50
373,1980,6.39693,50
373,1981,6.39693,49
373,1982,6.47697,47
374,1976,5.76832,50
374,1977,5.85793,50
374,1978,6.03787,49
374,1979,6.10702,50
374,1980,6.17379,50
374,1981,6.23245,50
374,1982,6.2672,49
375,1976,5.68358,46
375,1977,5.73334,45
375,1978,5.8861,41
375,1979,5.94542,40
375,1980,6.01372,38
375,1981,6.02345,42
375,1982,6.10702,36
376,1976,6.49224,47
376,1977,6.55108,48
376,1978,6.60665,48
376,1979,6.68461,48
376,1980,6.74524,47
376,1981,6.80239,49
376,1982,6.85646,47
377,1976,6.82979,50
377,1977,6.90575,50
377,1978,6.90776,49
377,1979,7.04752,50
377,1980,7.20786,52
377,1981,6.94986,50
377,1982,7.40853,50
378,1976,6.49224,50
378,1977,6.65929,49
378,1978,6.65673,52
378,1979,6.80239,50
378,1980,7.08171,50
378,1981,7.15929,50
378,1982,7.2724,48
379,1976,6.49224,49
379,1977,6.54391,48
379,1978,6.50728,49
379,1979,6.71538,50
379,1980,6.73934,49
379,1981,6.89264,50
379,1982,6.95177,49
380,1976,6.36303,52
380,1977,6.40523,50
380,1978,6.41346,50
380,1979,6.42162,50
380,1980,6.43775,49
380,1981,6.62007,48
380,1982,6.68461,48
381,1976,6.37161,48
381,1977,6.41673,48
381,1978,6.39693,48
381,1979,6.55108,45
381,1980,6.90776,47
381,1981,6.80239,48
381,1982,6.90776,47
382,1976,6.43775,49
382,1977,6.43775,49
382,1978,6.33683,49
382,1979,6.37673,49
382,1980,6.39359,50
382,1981,6.71538,50
382,1982,6.54391,51
383,1976,6.80239,43
383,1977,6.90575,42
383,1978,6.96602,46
383,1979,6.95655,45
383,1980,7.09008,46
383,1981,7.1309,41
383,1982,6.9613,43
384,1976,5.78383,51
384,1977,6.12249,49
384,1978,6.10925,50
384,1979,6.10925,50
384,1980,6.16331,45
384,1981,6.19236,50
384,1982,6.49677,49
385,1976,6.60665,47
385,1977,6.7334,52
385,1978,6.79122,50
385,1979,6.84588,49
385,1980,6.95559,51
385,1981,7.12287,50
385,1982,7.16549,50
386,1976,6.90575,49
386,1977,6.90575,49
386,1978,7.26193,49
386,1979,7.27932,49
386,1980,7.39326,50
386,1981,7.35947,49
386,1982,7.86327,49
387,1976,6.56526,46
387,1977,6.55108,49
387,1978,6.63332,52
387,1979,6.61607,49
387,1980,6.80461,49
387,1981,6.90776,50
387,1982,7.18539,51
388,1976,6.80239,44
388,1977,6.90575,45
388,1978,7.09008,44
388,1979,7.1309,46
388,1980,7.24423,45
388,1981,7.31322,43
388,1982,7.31322,43
389,1976,6.90575,39
389,1977,6.90575,52
389,1978,7.11151,52
389,1979,7.2717,48
389,1980,7.33889,52
389,1981,7.34601,50
389,1982,7.59287,50
390,1976,6.74759,48
390,1977,6.84268,47
390,1978,6.93731,46
390,1979,7.03878,47
390,1980,7.1309,47
390,1981,7.22621,47
390,1982,7.32317,46
391,1976,6.29527,52
391,1977,6.45047,51
391,1978,6.39192,51
391,1979,6.57786,48
391,1980,6.56103,48
391,1981,6.59715,48
391,1982,6.65673,47
392,1976,6.35957,48
392,1977,6.39693,50
392,1978,6.47697,50
392,1979,6.08677,49
392,1980,6.65929,45
392,1981,6.79122,51
392,1982,6.84055,25
393,1976,6.44413,48
393,1977,6.56808,44
393,1978,6.63463,48
393,1979,6.7334,46
393,1980,6.83411,48
393,1981,6.93537,48
393,1982,7.01661,46
394,1976,6.21461,49
394,1977,6.21461,50
394,1978,6.41346,50
394,1979,6.50728,50
394,1980,6.69703,50
394,1981,6.69703,50
394,1982,6.77422,50
395,1976,6.05912,48
395,1977,6.11147,49
395,1978,6.27288,31
395,1979,6.31173,48
395,1980,6.41836,44
395,1981,6.57925,45
395,1982,6.66058,50
396,1976,6.05209,45
396,1977,6.10925,47
396,1978,6.21461,48
396,1979,6.30992,49
396,1980,6.55108,45
396,1981,6.55108,50
396,1982,6.62007,52
397,1976,6.77992,49
397,1977,6.86693,51
397,1978,6.8977,50
397,1979,6.96885,50
397,1980,7.05876,50
397,1981,7.1309,51
397,1982,6.98472,49
398,1976,6.53669,49
398,1977,6.65929,48
398,1978,6.79122,49
398,1979,6.88755,46
398,1980,6.98472,47
398,1981,7.09008,48
398,1982,7.24423,47
399,1976,6.38012,42
399,1977,6.46147,48
399,1978,6.54822,48
399,1979,6.6733,47
399,1980,6.77194,47
399,1981,6.89467,39
399,1982,6.95655,47
400,1976,6.50877,28
400,1977,6.60259,50
400,1978,6.69332,48
400,1979,6.75344,49
400,1980,6.80128,46
400,1981,6.95559,33
400,1982,7.03351,51
401,1976,6.58617,49
401,1977,6.68586,42
401,1978,6.78559,28
401,1979,6.7334,38
401,1980,7.6009,48
401,1981,7.18311,39
401,1982,7.49554,44
402,1976,6.90575,50
402,1977,6.90575,48
402,1978,6.90776,51
402,1979,7.1309,50
402,1980,7.20786,49
402,1981,7.44659,52
402,1982,7.46737,51
403,1976,6.90575,50
403,1977,6.90575,50
403,1978,7.16627,50
403,1979,7.1309,50
403,1980,7.37776,50
403,1981,7.40853,50
403,1982,7.47591,50
404,1976,6.55108,50
404,1977,6.68461,50
404,1978,6.80239,46
404,1979,6.82437,41
404,1980,6.93245,49
404,1981,7.00307,49
404,1982,7.05186,49
405,1976,6.90575,48
405,1977,6.90575,49
405,1978,7.1309,49
405,1979,7.24423,48
405,1980,7.46737,48
405,1981,7.45008,47
405,1982,7.64969,47
406,1976,6.39693,48
406,1977,6.48004,43
406,1978,6.54965,48
406,1979,6.65415,47
406,1980,6.68461,44
406,1981,6.82979,46
406,1982,6.97541,48
407,1976,6.80239,52
407,1977,6.90575,44
407,1978,7.09506,46
407,1979,7.18007,46
407,1980,7.27932,45
407,1981,7.34601,46
407,1982,7.46737,47
408,1976,6.12249,42
408,1977,6.14847,50
408,1978,6.20658,37
408,1979,6.30992,38
408,1980,6.58341,38
408,1981,6.58617,42
408,1982,6.62672,40
409,1976,6.38856,50
409,1977,6.43775,50
409,1978,6.47697,49
409,1979,6.56386,50
409,1980,6.44572,52
409,1981,6.88244,50
409,1982,6.96602,51
410,1976,5.59842,22
410,1977,5.70378,44
410,1978,5.82895,52
410,1979,6.05209,52
410,1980,6.10925,50
410,1981,6.16331,44
410,1982,6.39693,48
411,1976,6.02102,51
411,1977,6.17379,47
411,1978,6.30992,46
411,1979,6.57925,49
411,1980,6.65673,48
411,1981,6.65028,48
411,1982,6.9256,47
412,1976,6.37161,50
412,1977,6.72143,49
412,1978,6.75344,49
412,1979,7.24423,48
412,1980,7.24423,43
412,1981,7.1107,50
412,1982,7.31322,47
413,1976,6.55108,47
413,1977,6.78672,38
413,1978,6.88038,48
413,1979,6.96885,48
413,1980,7.03703,48
413,1981,7.00125,48
413,1982,7.27932,49
414,1976,6.47697,47
414,1977,6.56526,47
414,1978,6.55108,47
414,1979,6.55108,52
414,1980,6.74524,47
414,1981,6.86171,47
414,1982,7.00307,47
415,1976,6.05912,32
415,1977,6.03548,47
415,1978,6.07993,50
415,1979,6.16121,48
415,1980,6.31897,48
415,1981,6.27099,41
415,1982,6.44413,45
416,1976,6.46459,46
416,1977,6.53233,43
416,1978,6.608,46
416,1979,6.60394,46
416,1980,6.80239,46
416,1981,6.90675,46
416,1982,7.0184,46
417,1976,5.61677,47
417,1977,6.00141,51
417,1978,6.12687,38
417,1979,6.1203,38
417,1980,6.23048,45
417,1981,6.30079,48
417,1982,6.36647,43
418,1976,6.49224,47
418,1977,6.62936,47
418,1978,6.66185,47
418,1979,6.65929,46
418,1980,6.75693,46
418,1981,6.82437,45
418,1982,6.90776,46
419,1976,6.55108,27
419,1977,6.63332,52
419,1978,6.70319,50
419,1979,6.79122,52
419,1980,6.85646,50
419,1981,7.06902,50
419,1982,7.37776,50
420,1976,6.39693,50
420,1977,6.39693,50
420,1978,6.47697,50
420,1979,6.62007,47
420,1980,6.74524,50
420,1981,6.7901,49
420,1982,6.88551,49
421,1976,5.96615,36
421,1977,6.10925,39
421,1978,6.30992,36
421,1979,6.39693,38
421,1980,6.46925,36
421,1981,6.51471,37
421,1982,6.62007,38
422,1976,6.2106,49
422,1977,6.29157,48
422,1978,6.41017,49
422,1979,6.47697,49
422,1980,6.57088,49
422,1981,6.67708,47
422,1982,6.77194,44
423,1976,6.64639,50
423,1977,6.69084,48
423,1978,6.69084,42
423,1979,6.86693,40
423,1980,6.30992,48
423,1981,6.81892,36
423,1982,7.02909,50
424,1976,6.82979,37
424,1977,6.85646,36
424,1978,6.90776,38
424,1979,6.95655,42
424,1980,7.00307,46
424,1981,7.09008,45
424,1982,7.18917,38
425,1976,6.05209,50
425,1977,6.62007,48
425,1978,6.76849,49
425,1979,6.77422,48
425,1980,6.88244,48
425,1981,6.97073,48
425,1982,7.06902,48
426,1976,6.4677,49
426,1977,6.55108,52
426,1978,6.55108,50
426,1979,6.65929,48
426,1980,6.68461,46
426,1981,6.74524,47
426,1982,6.86693,47
427,1976,6.90575,46
427,1977,6.90575,45
427,1978,7.31255,50
427,1979,7.31322,46
427,1980,7.40853,50
427,1981,7.39879,51
427,1982,7.6256,48
428,1976,6.10925,37
428,1977,6.19236,48
428,1978,6.25383,36
428,1979,6.25383,37
428,1980,6.42972,36
428,1981,6.47697,37
428,1982,6.55108,36
429,1976,6.28227,29
429,1977,6.54391,44
429,1978,6.4892,39
429,1979,6.58203,48
429,1980,6.80239,45
429,1981,6.88755,28
429,1982,6.82979,47
430,1976,5.4161,49
430,1977,5.52146,40
430,1978,5.61677,39
430,1979,5.94017,47
430,1980,6.06843,51
430,1981,6.17794,49
430,1982,6.2653,48
431,1976,5.68017,51
431,1977,5.81413,52
431,1978,5.72359,52
431,1979,6.21261,41
431,1980,6.37843,51
431,1981,6.4599,50
431,1982,6.56386,48
432,1976,6.90575,50
432,1977,6.90575,49
432,1978,7.03878,52
432,1979,7.10661,50
432,1980,7.21891,50
432,1981,7.27932,50
432,1982,7.31986,50
433,1976,6.42162,49
433,1977,6.42162,49
433,1978,6.46614,49
433,1979,6.84588,49
433,1980,6.62007,49
433,1981,6.62007,49
433,1982,6.80239,49
434,1976,6.54103,12
434,1977,6.57925,30
434,1978,6.64118,25
434,1979,6.74052,52
434,1980,6.85224,50
434,1981,6.95655,46
434,1982,7.06987,46
435,1976,6.61338,47
435,1977,6.6796,41
435,1978,6.71538,39
435,1979,6.86693,46
435,1980,6.93245,50
435,1981,7.00307,48
435,1982,7.09008,45
436,1976,6.47697,52
436,1977,6.47697,52
436,1978,6.55108,48
436,1979,6.53233,49
436,1980,6.62007,50
436,1981,6.66823,52
436,1982,6.17587,52
437,1976,6.10032,50
437,1977,6.22654,49
437,1978,6.30445,50
437,1979,6.34914,50
437,1980,6.39359,50
437,1981,6.39192,24
437,1982,6.54822,27
438,1976,6.24417,49
438,1977,6.34564,42
438,1978,6.42162,48
438,1979,6.51471,49
438,1980,6.58617,49
438,1981,6.68461,49
438,1982,6.7511,41
439,1976,6.35437,50
439,1977,6.45362,46
439,1978,6.82111,45
439,1979,6.94698,50
439,1980,7.07242,47
439,1981,7.07242,45
439,1982,7.27932,49
440,1976,6.10925,50
440,1977,6.13773,51
440,1978,6.05209,51
440,1979,6.16331,51
440,1980,6.30992,50
440,1981,6.30992,50
440,1982,6.47697,50
441,1976,6.21461,40
441,1977,6.21461,51
441,1978,6.21461,51
441,1979,6.30992,51
441,1980,6.47697,51
441,1981,6.62007,51
441,1982,6.66823,51
442,1976,5.95324,50
442,1977,6.14633,51
442,1978,6.24998,50
442,1979,6.30992,49
442,1980,6.47697,48
442,1981,6.43775,45
442,1982,6.64639,48
443,1976,5.93225,49
443,1977,6.06843,49
443,1978,6.23245,50
443,1979,6.29527,50
443,1980,6.2804,50
443,1981,6.35611,49
443,1982,6.3081,49
444,1976,6.68586,40
444,1977,6.68461,44
444,1978,6.74524,43
444,1979,6.95655,43
444,1980,6.90776,48
444,1981,6.95655,50
444,1982,7.09008,43
445,1976,6.79122,41
445,1977,6.90575,40
445,1978,7.00307,39
445,1979,7.09008,39
445,1980,7.17012,39
445,1981,7.20042,38
445,1982,7.31322,37
446,1976,5.8999,48
446,1977,5.99146,49
446,1978,6.10256,49
446,1979,5.8944,47
446,1980,6.44731,40
446,1981,6.33683,41
446,1982,6.47697,42
447,1976,5.70378,47
447,1977,5.78383,52
447,1978,5.99146,52
447,1979,5.99146,52
447,1980,6.08677,52
447,1981,6.16331,52
447,1982,6.16331,52
448,1976,6.52209,50
448,1977,6.57925,51
448,1978,6.7093,48
448,1979,6.7334,51
448,1980,6.88755,51
448,1981,6.95655,48
448,1982,7.04752,43
449,1976,5.96615,50
449,1977,6.08677,52
449,1978,6.16331,50
449,1979,6.85646,44
449,1980,6.57647,49
449,1981,7.10988,50
449,1982,7.09008,43
450,1976,6.48158,50
450,1977,6.58617,48
450,1978,6.66058,44
450,1979,6.76964,50
450,1980,6.88755,50
450,1981,6.97354,48
450,1982,7.08339,49
451,1976,6.34212,50
451,1977,6.5582,50
451,1978,6.66568,50
451,1979,6.7546,50
451,1980,6.83303,50
451,1981,6.93537,48
451,1982,7.0076,37
452,1976,5.94017,34
452,1977,5.8861,48
452,1978,6.06379,47
452,1979,5.90808,45
452,1980,6.24804,49
452,1981,6.50279,48
452,1982,6.4677,45
453,1976,6.80239,45
453,1977,6.83411,48
453,1978,6.89366,47
453,1979,6.89366,46
453,1980,7.01392,49
453,1981,7.17012,48
453,1982,7.2998,46
454,1976,6.52356,48
454,1977,6.55393,52
454,1978,6.55393,51
454,1979,6.78333,49
454,1980,7.04752,50
454,1981,7.02554,49
454,1982,7.20786,49
455,1976,6.10925,49
455,1977,6.20456,49
455,1978,6.19441,49
455,1979,6.28227,50
455,1980,6.35437,49
455,1981,6.49979,49
455,1982,6.5582,51
456,1976,6.51471,49
456,1977,6.59578,48
456,1978,6.66568,46
456,1979,6.59987,48
456,1980,6.88755,48
456,1981,6.95273,48
456,1982,6.95655,49
457,1976,5.93754,52
457,1977,6.0845,50
457,1978,6.06146,50
457,1979,6.21461,51
457,1980,6.21461,50
457,1981,6.30262,50
457,1982,6.39693,50
458,1976,6.51471,41
458,1977,6.61338,41
458,1978,6.71538,43
458,1979,6.81892,41
458,1980,6.95655,42
458,1981,7.04752,40
458,1982,6.85435,51
459,1976,6.31716,47
459,1977,6.6958,47
459,1978,6.81564,47
459,1979,6.87213,46
459,1980,7.10661,47
459,1981,7.09672,47
459,1982,7.20042,46
460,1976,6.49979,47
460,1977,6.72743,41
460,1978,6.71538,44
460,1979,6.77878,50
460,1980,6.91274,44
460,1981,6.93245,43
460,1982,7.40853,43
461,1976,6.32794,50
461,1977,6.44572,49
461,1978,6.45362,49
461,1979,6.50728,49
461,1980,6.69703,49
461,1981,6.81344,49
461,1982,6.85646,49
462,1976,6.16331,39
462,1977,6.39693,44
462,1978,5.95584,25
462,1979,6.07535,51
462,1980,6.2634,50
462,1981,6.33683,49
462,1982,6.42162,37
463,1976,6.67834,48
463,1977,6.68461,50
463,1978,6.85646,48
463,1979,6.85646,48
463,1980,6.90776,47
463,1981,7.04752,47
463,1982,7.27932,45
464,1976,5.92693,49
464,1977,5.99146,52
464,1978,5.85793,49
464,1979,6.07993,50
464,1980,6.21461,50
464,1981,6.43775,49
464,1982,6.55536,49
465,1976,6.21461,37
465,1977,6.38012,39
465,1978,6.35437,36
465,1979,6.47697,39
465,1980,6.43775,37
465,1981,6.52942,38
465,1982,6.68461,38
466,1976,6.24417,50
466,1977,6.34564,38
466,1978,6.42162,49
466,1979,6.51471,48
466,1980,6.58617,49
466,1981,6.68461,48
466,1982,6.7511,30
467,1976,6.23441,46
467,1977,6.31897,51
467,1978,6.42162,49
467,1979,6.49375,49
467,1980,6.55108,49
467,1981,7.00307,49
467,1982,6.81014,49
468,1976,6.90575,49
468,1977,6.90575,48
468,1978,7.31322,48
468,1979,7.31322,49
468,1980,7.31322,49
468,1981,7.37776,49
468,1982,7.37776,50
469,1976,5.39363,40
469,1977,5.43808,35
469,1978,4.60517,39
469,1979,5.0814,40
469,1980,5.273,39
469,1981,5.81413,38
469,1982,5.74939,37
470,1976,6.52942,50
470,1977,6.62007,50
470,1978,6.4599,49
470,1979,7.00307,52
470,1980,7.20786,51
470,1981,7.46737,50
470,1982,7.14913,51
471,1976,6.65286,49
471,1977,6.73102,48
471,1978,6.82979,48
471,1979,6.93245,46
471,1980,7.02554,48
471,1981,7.1309,44
471,1982,7.20786,44
472,1976,5.57973,21
472,1977,5.73334,42
472,1978,5.76832,49
472,1979,5.86647,49
472,1980,6.06611,44
472,1981,6.23441,47
472,1982,6.38688,48
473,1976,6.42162,50
473,1977,6.37502,48
473,1978,6.58617,48
473,1979,6.76273,47
473,1980,6.74876,50
473,1981,6.80239,49
473,1982,6.93925,46
474,1976,6.71538,52
474,1977,6.74524,50
474,1978,6.88244,52
474,1979,6.98008,51
474,1980,7.24423,50
474,1981,7.43838,51
474,1982,7.17702,52
475,1976,6.81344,48
475,1977,6.88244,51
475,1978,7.00307,50
475,1979,7.17012,49
475,1980,7.17778,50
475,1981,7.24423,48
475,1982,7.39326,48
476,1976,5.8693,47
476,1977,5.85793,49
476,1978,5.87774,38
476,1979,5.85793,8
476,1980,6.58617,43
476,1981,6.35437,52
476,1982,6.58617,52
477,1976,6.2804,47
477,1977,6.44572,26
477,1978,6.48004,48
477,1979,6.77422,48
477,1980,6.83195,48
477,1981,6.90776,46
477,1982,7.00307,49
478,1976,6.25383,49
478,1977,6.46147,49
478,1978,6.53669,48
478,1979,6.62007,47
478,1980,6.63595,49
478,1981,6.7511,49
478,1982,6.85646,50
479,1976,6.90575,48
479,1977,6.90575,48
479,1978,7.23418,48
479,1979,7.2998,48
479,1980,7.31322,48
479,1981,7.37588,48
479,1982,7.61874,47
480,1976,5.59842,51
480,1977,6.21461,50
480,1978,6.10925,50
480,1979,6.2634,50
480,1980,6.55108,48
480,1981,6.80239,45
480,1982,6.95655,42
481,1976,5.70378,48
481,1977,5.72031,50
481,1978,5.99146,50
481,1979,6.05209,50
481,1980,6.21461,48
481,1981,6.2634,48
481,1982,6.30992,49
482,1976,6.35437,44
482,1977,6.35437,49
482,1978,6.53669,50
482,1979,6.60665,49
482,1980,6.60665,48
482,1981,6.75693,48
482,1982,6.95177,49
483,1976,6.07535,50
483,1977,6.35437,50
483,1978,6.58617,49
483,1979,6.58893,48
483,1980,6.59304,46
483,1981,6.84268,49
483,1982,6.97261,47
484,1976,6.56103,44
484,1977,6.90575,49
484,1978,6.7334,45
484,1979,6.8742,49
484,1980,7.03439,47
484,1981,7.03527,49
484,1982,7.19669,39
485,1976,6.35611,49
485,1977,6.49224,49
485,1978,6.65929,49
485,1979,6.56948,49
485,1980,6.80017,49
485,1981,6.73102,49
485,1982,6.9256,48
486,1976,6.90575,48
486,1977,6.90575,52
486,1978,6.95655,50
486,1979,7.02554,51
486,1980,7.09008,43
486,1981,7.09008,50
486,1982,7.24423,49
487,1976,6.72743,49
487,1977,6.80239,49
487,1978,6.88653,48
487,1979,6.95655,48
487,1980,7.09008,47
487,1981,7.26193,46
487,1982,7.42833,43
488,1976,6.55251,41
488,1977,6.62407,47
488,1978,6.78672,32
488,1979,6.83087,46
488,1980,7.04491,44
488,1981,7.02643,45
488,1982,7.13569,23
489,1976,6.5903,50
489,1977,6.62007,50
489,1978,6.65286,50
489,1979,6.71538,50
489,1980,6.77422,51
489,1981,6.85646,50
489,1982,6.93245,51
490,1976,6.80239,46
490,1977,6.90575,45
490,1978,6.90776,47
490,1979,7.01481,49
490,1980,7.03878,47
490,1981,6.9489,47
490,1982,7.19669,49
491,1976,6.27288,12
491,1977,6.46303,25
491,1978,6.53088,49
491,1979,6.6695,51
491,1980,6.66696,50
491,1981,7.02554,50
491,1982,7.02554,46
492,1976,6.15698,48
492,1977,6.10925,47
492,1978,6.33683,48
492,1979,6.35957,49
492,1980,6.58755,48
492,1981,6.71296,47
492,1982,5.84932,47
493,1976,6.55108,50
493,1977,6.62007,50
493,1978,6.70073,48
493,1979,6.77194,49
493,1980,6.85646,49
493,1981,7.09008,49
493,1982,6.97261,49
494,1976,5.94803,44
494,1977,6.05209,48
494,1978,6.11589,35
494,1979,6.18002,48
494,1980,6.25958,48
494,1981,6.31536,48
494,1982,6.36819,48
495,1976,6.21461,41
495,1977,6.30992,42
495,1978,6.68461,48
495,1979,6.74288,52
495,1980,6.81344,51
495,1981,6.80239,51
495,1982,6.95655,49
496,1976,6.90575,41
496,1977,6.90575,45
496,1978,7.18463,47
496,1979,7.28893,46
496,1980,7.3908,43
496,1981,7.48661,47
496,1982,7.5606,46
497,1976,6.90575,49
497,1977,6.90575,49
497,1978,7.09008,49
497,1979,7.24423,48
497,1980,7.35436,48
497,1981,7.29097,48
497,1982,7.46737,47
498,1976,6.2634,46
498,1977,6.30079,49
498,1978,6.39693,48
498,1979,6.39693,49
498,1980,6.5582,49
498,1981,6.77422,35
498,1982,6.86901,36
499,1976,6.35957,6
499,1977,6.45677,48
499,1978,6.61338,47
499,1979,6.63988,45
499,1980,6.77422,44
499,1981,6.79122,47
499,1982,6.84055,47
500,1976,6.62007,46
500,1977,6.62007,48
500,1978,6.68461,48
500,1979,6.88755,49
500,1980,6.85646,49
500,1981,5.98896,49
500,1982,6.12687,48
501,1976,6.35957,46
501,1977,6.45205,47
501,1978,6.52942,47
501,1979,6.63857,46
501,1980,6.79122,46
501,1981,6.95655,38
501,1982,7.03439,45
502,1976,6.64639,44
502,1977,6.71538,44
502,1978,6.77422,44
502,1979,6.95655,44
502,1980,6.95655,44
502,1981,7.20786,44
502,1982,7.18917,41
503,1976,6.80239,46
503,1977,6.90575,40
503,1978,7.1025,45
503,1979,7.12769,46
503,1980,7.18311,47
503,1981,7.35372,46
503,1982,7.40001,49
504,1976,6.49072,46
504,1977,6.64509,49
504,1978,6.80239,47
504,1979,6.73102,46
504,1980,7.03703,40
504,1981,6.49072,46
504,1982,7.31122,48
505,1976,6.90575,48
505,1977,6.90575,47
505,1978,7.43838,48
505,1979,7.6009,48
505,1980,6.77422,48
505,1981,7.62071,48
505,1982,7.79028,47
506,1976,6.35437,52
506,1977,6.43775,51
506,1978,6.55108,51
506,1979,6.68461,51
506,1980,6.74524,52
506,1981,6.68461,51
506,1982,6.80239,46
507,1976,6.21461,51
507,1977,6.30992,44
507,1978,6.37161,38
507,1979,6.39693,39
507,1980,6.55108,52
507,1981,6.55108,51
507,1982,6.71538,51
508,1976,6.28227,48
508,1977,6.51471,49
508,1978,6.58617,50
508,1979,6.71538,49
508,1980,6.7511,50
508,1981,6.4552,48
508,1982,6.7093,50
509,1976,6.39526,50
509,1977,6.49072,50
509,1978,6.59578,49
509,1979,6.64118,49
509,1980,6.80239,48
509,1981,6.9187,48
509,1982,6.96035,48
510,1976,6.90575,50
510,1977,6.90575,50
510,1978,7.17012,50
510,1979,7.27932,50
510,1980,7.31322,50
510,1981,7.37776,49
510,1982,7.34923,50
511,1976,6.19441,50
511,1977,6.2634,48
511,1978,6.29157,49
511,1979,6.13123,47
511,1980,6.74524,30
511,1981,6.95655,49
511,1982,6.84055,47
512,1976,6.16331,50
512,1977,6.39693,49
512,1978,6.71538,47
512,1979,6.58617,47
512,1980,6.81344,47
512,1981,6.90776,46
512,1982,7.00307,48
513,1976,6.03787,50
513,1977,6.1717,50
513,1978,6.13123,50
513,1979,6.18826,50
513,1980,5.76519,50
513,1981,5.98896,48
513,1982,5.99146,50
514,1976,6.90575,39
514,1977,6.90575,37
514,1978,6.95655,44
514,1979,7.09008,42
514,1980,7.04752,42
514,1981,7.1309,41
514,1982,7.34666,36
515,1976,5.50126,50
515,1977,5.50126,52
515,1978,5.65249,51
515,1979,5.82305,50
515,1980,5.8999,50
515,1981,6.05209,50
515,1982,6.14204,49
516,1976,6.77992,50
516,1977,6.90575,47
516,1978,6.98472,48
516,1979,7.08841,47
516,1980,6.86171,46
516,1981,6.97635,48
516,1982,6.98101,49
517,1976,5.59842,50
517,1977,5.59842,46
517,1978,5.7462,50
517,1979,5.96615,49
517,1980,6.1203,50
517,1981,6.21461,48
517,1982,6.34564,48
518,1976,5.93225,49
518,1977,5.97126,50
518,1978,6.11368,50
518,1979,6.25767,51
518,1980,6.36303,51
518,1981,6.40523,51
518,1982,6.47697,51
519,1976,5.78383,49
519,1977,5.99146,50
519,1978,5.89715,52
519,1979,5.83188,51
519,1980,6.05209,49
519,1981,6.2634,51
519,1982,6.43455,49
520,1976,6.37502,46
520,1977,6.56948,49
520,1978,6.53669,50
520,1979,6.64249,50
520,1980,6.22654,21
520,1981,6.37502,50
520,1982,6.89366,52
521,1976,6.62007,51
521,1977,6.80239,52
521,1978,6.85646,50
521,1979,6.98008,49
521,1980,7.04316,50
521,1981,6.86693,50
521,1982,7.18917,50
522,1976,5.76832,51
522,1977,5.82895,49
522,1978,5.76832,52
522,1979,6.59851,49
522,1980,6.6796,49
522,1981,7.09008,35
522,1982,6.85751,44
523,1976,6.18208,39
523,1977,6.2634,48
523,1978,6.39359,50
523,1979,6.44095,49
523,1980,6.51471,50
523,1981,6.66441,49
523,1982,6.75344,47
524,1976,6.21461,45
524,1977,6.39693,45
524,1978,6.39693,49
524,1979,6.56526,49
524,1980,6.70073,49
524,1981,6.52209,51
524,1982,6.55678,50
525,1976,6.24611,49
525,1977,6.3315,49
525,1978,6.40853,49
525,1979,6.48158,49
525,1980,6.55962,43
525,1981,6.67834,46
525,1982,6.82437,44
526,1976,5.70378,35
526,1977,5.92693,49
526,1978,6.10925,47
526,1979,6.04025,48
526,1980,6.35957,52
526,1981,6.50429,49
526,1982,6.57786,49
527,1976,6.23441,50
527,1977,6.39693,50
527,1978,6.50728,50
527,1979,6.65286,50
527,1980,6.74524,49
527,1981,7.1309,49
527,1982,7.24423,50
528,1976,6.09807,40
528,1977,6.2691,32
528,1978,6.34036,37
528,1979,6.48768,35
528,1980,6.57786,37
528,1981,6.62007,35
528,1982,6.85646,37
529,1976,6.90575,44
529,1977,6.90575,47
529,1978,7.06048,47
529,1979,7.09589,47
529,1980,6.93342,45
529,1981,7.46737,47
529,1982,7.37776,50
530,1976,6.90575,50
530,1977,6.90575,48
530,1978,7.1293,47
530,1979,7.17012,44
530,1980,7.27031,46
530,1981,7.45991,47
530,1982,7.45703,46
531,1976,6.57647,49
531,1977,6.77422,49
531,1978,6.88244,50
531,1979,7.09008,49
531,1980,7.20786,48
531,1981,7.49554,48
531,1982,7.6009,46
532,1976,5.73657,29
532,1977,5.96615,49
532,1978,6.07535,51
532,1979,6.15698,49
532,1980,6.2634,50
532,1981,6.34739,46
532,1982,6.44572,49
533,1976,6.29157,50
533,1977,6.39526,50
533,1978,6.39693,48
533,1979,6.39693,48
533,1980,6.49072,49
533,1981,6.5903,48
533,1982,6.6174,49
534,1976,5.8861,51
534,1977,5.98394,48
534,1978,5.98394,51
534,1979,6.19848,51
534,1980,5.78996,51
534,1981,6.01127,50
534,1982,6.11147,51
535,1976,5.57973,51
535,1977,5.66988,50
535,1978,5.70378,51
535,1979,5.82895,50
535,1980,5.99146,49
535,1981,6.07535,51
535,1982,6.14204,50
536,1976,6.69456,51
536,1977,6.72743,51
536,1978,6.8533,49
536,1979,6.89669,50
536,1980,7.1309,50
536,1981,6.96508,51
536,1982,7.15462,49
537,1976,6.03787,48
537,1977,6.55108,50
537,1978,6.65673,50
537,1979,6.85646,50
537,1980,7.09008,50
537,1981,6.74406,49
537,1982,6.99485,49
538,1976,6.62007,48
538,1977,6.77422,51
538,1978,6.77422,50
538,1979,6.90776,47
538,1980,7.01481,51
538,1981,7.06219,50
538,1982,7.15851,51
539,1976,6.34564,50
539,1977,6.44413,49
539,1978,6.62007,50
539,1979,6.95655,49
539,1980,7.31122,48
539,1981,7.38833,50
539,1982,7.6009,48
540,1976,6.90575,47
540,1977,6.90575,47
540,1978,7.55799,47
540,1979,7.6009,46
540,1980,7.6009,45
540,1981,7.6009,45
540,1982,7.80588,45
541,1976,6.55536,50
541,1977,6.55108,50
541,1978,6.63332,50
541,1979,6.59715,49
541,1980,6.82437,48
541,1981,6.90776,48
541,1982,7.09008,49
542,1976,6.53959,46
542,1977,6.53669,47
542,1978,6.69084,46
542,1979,6.84375,45
542,1980,6.88244,47
542,1981,7.04752,49
542,1982,7.06048,46
543,1976,6.65929,51
543,1977,6.69084,52
543,1978,6.77422,51
543,1979,6.68461,51
543,1980,6.90776,50
543,1981,6.94986,51
543,1982,7.17012,51
544,1976,6.55393,49
544,1977,6.68461,49
544,1978,7.1107,49
544,1979,7.17396,49
544,1980,7.01481,49
544,1981,6.92264,49
544,1982,7.19519,49
545,1976,6.8977,47
545,1977,6.90575,47
545,1978,7.1309,46
545,1979,7.20786,44
545,1980,7.31322,44
545,1981,7.09008,41
545,1982,7.32647,46
546,1976,6.63988,49
546,1977,6.72143,49
546,1978,6.78897,41
546,1979,6.9256,47
546,1980,6.95655,28
546,1981,7.00307,46
546,1982,7.09257,48
547,1976,6.56667,49
547,1977,6.77422,50
547,1978,6.7334,47
547,1979,6.78333,43
547,1980,6.77878,47
547,1981,6.98472,48
547,1982,7.02997,48
548,1976,6.85646,47
548,1977,6.74524,49
548,1978,6.85646,49
548,1979,6.90776,49
548,1980,7.1309,49
548,1981,6.68461,47
548,1982,6.72503,46
549,1976,5.70378,50
549,1977,5.99146,50
549,1978,5.99146,51
549,1979,5.99146,50
549,1980,5.99146,51
549,1981,6.39693,51
549,1982,6.02102,51
550,1976,6.81124,48
550,1977,6.74993,50
550,1978,6.80239,47
550,1979,6.88551,49
550,1980,6.98379,48
550,1981,7.08171,47
550,1982,7.18159,47
551,1976,6.04025,39
551,1977,5.8693,35
551,1978,6.21461,37
551,1979,6.43775,38
551,1980,6.1717,39
551,1981,6.55108,39
551,1982,6.55108,37
552,1976,6.35437,38
552,1977,6.52209,37
552,1978,6.52649,39
552,1979,6.67203,35
552,1980,6.62007,36
552,1981,6.80239,39
552,1982,6.76849,49
553,1976,5.9135,51
553,1977,5.8861,40
553,1978,5.99146,39
553,1979,6.2634,39
553,1980,6.35437,39
553,1981,6.55108,39
553,1982,6.52209,40
554,1976,5.82305,48
554,1977,5.89715,48
554,1978,5.96358,49
554,1979,6.02828,47
554,1980,6.10702,49
554,1981,6.32972,46
554,1982,6.22654,38
555,1976,6.90575,47
555,1977,6.90575,47
555,1978,7.31322,48
555,1979,7.34601,47
555,1980,7.40853,47
555,1981,7.52294,48
555,1982,7.48324,47
556,1976,6.59715,50
556,1977,6.89264,49
556,1978,6.98749,49
556,1979,6.98286,49
556,1980,7.30317,49
556,1981,7.39388,47
556,1982,7.30317,46
557,1976,6.35957,50
557,1977,6.42811,51
557,1978,6.45677,48
557,1979,6.58341,47
557,1980,6.54391,49
557,1981,6.89568,51
557,1982,6.94409,50
558,1976,5.8999,49
558,1977,6.19236,48
558,1978,6.03309,49
558,1979,6.34388,49
558,1980,6.41017,49
558,1981,6.39526,49
558,1982,6.46303,48
559,1976,6.31897,48
559,1977,6.38182,48
559,1978,6.44889,47
559,1979,6.51323,48
559,1980,6.56948,47
559,1981,6.65801,48
559,1982,6.76388,44
560,1976,6.30992,50
560,1977,6.30992,50
560,1978,6.39693,50
560,1979,6.39693,42
560,1980,6.39693,24
560,1981,6.47697,49
560,1982,6.68461,49
561,1976,6.10925,45
561,1977,6.07993,50
561,1978,8.26873,25
561,1979,6.51471,52
561,1980,6.46925,52
561,1981,6.79794,52
561,1982,6.92756,50
562,1976,6.43775,32
562,1977,6.59304,50
562,1978,6.68461,50
562,1979,6.85646,47
562,1980,7.09008,50
562,1981,7.1025,49
562,1982,7.27932,49
563,1976,6.65673,46
563,1977,6.74052,44
563,1978,6.90776,46
563,1979,6.90776,43
563,1980,6.90776,46
563,1981,6.93245,21
563,1982,6.90776,48
564,1976,6.57925,48
564,1977,6.77422,52
564,1978,6.84268,50
564,1979,6.95655,52
564,1980,7.02554,51
564,1981,7.08423,49
564,1982,7.15305,49
565,1976,6.84268,51
565,1977,6.90575,44
565,1978,7.1309,51
565,1979,7.27031,50
565,1980,7.05359,52
565,1981,6.9613,51
565,1982,8.04719,49
566,1976,6.35437,25
566,1977,6.51471,46
566,1978,6.2634,50
566,1979,6.68461,48
566,1980,7.14362,47
566,1981,7.19519,47
566,1982,7.24423,48
567,1976,5.82895,51
567,1977,5.82895,51
567,1978,5.82895,50
567,1979,5.84354,40
567,1980,5.8999,36
567,1981,6.04025,41
567,1982,6.21461,51
568,1976,6.42487,48
568,1977,6.48004,49
568,1978,6.58064,49
568,1979,6.68461,47
568,1980,6.80793,47
568,1981,6.92363,46
568,1982,6.98379,48
569,1976,6.46614,50
569,1977,6.62007,50
569,1978,6.62007,51
569,1979,6.90776,49
569,1980,7.04752,49
569,1981,7.25912,49
569,1982,7.15929,51
570,1976,5.81711,48
570,1977,5.8861,46
570,1978,5.99894,49
570,1979,6.06611,49
570,1980,6.14419,49
570,1981,6.29157,49
570,1982,6.36303,48
571,1976,6.34564,50
571,1977,6.47389,50
571,1978,6.82437,51
571,1979,6.8977,50
571,1980,6.97073,49
571,1981,7.04752,50
571,1982,6.91274,50
572,1976,5.70378,30
572,1977,5.99146,50
572,1978,6.21461,48
572,1979,6.44572,48
572,1980,6.39693,40
572,1981,6.62007,51
572,1982,6.22654,50
573,1976,6.10925,51
573,1977,6.21461,51
573,1978,6.25958,49
573,1979,6.30628,50
573,1980,6.40688,50
573,1981,6.48311,50
573,1982,6.62007,51
574,1976,6.28227,49
574,1977,6.38856,48
574,1978,6.4552,48
574,1979,6.66696,49
574,1980,6.83518,49
574,1981,6.90776,49
574,1982,6.97541,48
575,1976,5.79606,49
575,1977,5.98141,50
575,1978,6.04025,49
575,1979,6.1717,49
575,1980,6.28972,49
575,1981,6.39526,49
575,1982,6.57786,49
576,1976,6.21461,50
576,1977,6.2634,50
576,1978,6.30992,45
576,1979,6.47697,48
576,1980,6.39693,51
576,1981,6.68461,51
576,1982,6.68461,50
577,1976,5.92693,30
577,1977,5.99146,52
577,1978,6.10925,52
577,1979,6.21461,50
577,1980,6.2634,51
577,1981,6.39693,51
577,1982,6.55108,50
578,1976,6.39359,40
578,1977,6.46147,49
578,1978,6.44889,49
578,1979,6.63726,49
578,1980,6.75926,50
578,1981,6.83518,46
578,1982,6.91968,45
579,1976,5.79606,51
579,1977,5.92693,50
579,1978,5.96615,50
579,1979,6.17379,50
579,1980,6.47697,47
579,1981,6.70073,50
579,1982,6.71296,51
580,1976,6.29157,51
580,1977,6.38856,42
580,1978,6.46147,48
580,1979,6.57925,47
580,1980,6.60665,49
580,1981,6.71538,48
580,1982,6.99393,46
581,1976,6.77422,39
581,1977,6.77422,40
581,1978,6.89264,41
581,1979,6.95655,34
581,1980,6.95655,50
581,1981,7.18917,40
581,1982,7.28619,38
582,1976,5.70378,47
582,1977,6.1181,31
582,1978,6.39693,45
582,1979,6.72743,51
582,1980,6.78784,49
582,1981,6.91771,50
582,1982,6.96224,51
583,1976,6.29342,50
583,1977,6.51323,50
583,1978,6.64898,46
583,1979,6.88346,47
583,1980,7.04752,43
583,1981,7.1293,44
583,1982,7.16858,47
584,1976,6.21461,52
584,1977,6.30992,51
584,1978,6.65286,49
584,1979,6.53233,50
584,1980,6.60259,49
584,1981,6.70073,50
584,1982,6.65286,50
585,1976,6.55108,50
585,1977,6.58617,51
585,1978,6.68461,48
585,1979,6.77992,51
585,1980,6.90776,48
585,1981,7.05704,50
585,1982,7.02731,49
586,1976,5.68698,51
586,1977,5.70378,51
586,1978,5.84354,51
586,1979,5.99146,51
586,1980,6.06379,51
586,1981,6.10925,50
586,1982,5.99146,30
587,1976,6.61874,50
587,1977,6.70319,50
587,1978,6.78897,49
587,1979,6.88449,49
587,1980,7.07834,48
587,1981,7.11883,48
587,1982,7.17931,48
588,1976,5.43808,51
588,1977,5.92693,50
588,1978,6.05209,49
588,1979,6.10702,49
588,1980,6.57786,49
588,1981,6.35611,50
588,1982,6.80239,50
589,1976,6.66696,48
589,1977,6.73697,47
589,1978,6.80461,46
589,1979,6.87523,47
589,1980,6.95081,47
589,1981,7.07834,46
589,1982,7.17012,46
590,1976,6.33683,44
590,1977,6.53379,45
590,1978,6.62007,44
590,1979,6.59304,43
590,1980,6.81124,44
590,1981,6.81344,43
590,1982,6.87005,44
591,1976,6.46459,46
591,1977,6.47697,46
591,1978,6.60935,42
591,1979,6.55108,38
591,1980,6.77079,46
591,1981,6.85646,45
591,1982,6.85646,46
592,1976,6.49979,15
592,1977,6.51619,47
592,1978,6.65157,49
592,1979,6.76849,47
592,1980,6.83841,50
592,1981,6.86797,49
592,1982,7.06133,47
593,1976,5.29832,39
593,1977,5.4161,48
593,1978,5.4161,40
593,1979,5.4161,29
593,1980,5.70378,40
593,1981,5.70378,48
593,1982,5.67675,40
594,1976,6.42487,49
594,1977,6.48004,48
594,1978,6.57368,48
594,1979,6.69084,48
594,1980,6.78672,45
594,1981,6.91968,49
594,1982,7.04752,47
595,1976,5.68698,52
595,1977,5.85793,50
595,1978,5.95324,50
595,1979,6.06379,49
595,1980,6.21461,50
595,1981,6.29157,50
595,1982,6.37161,50
